/*
Navicat Oracle Data Transfer
Oracle Client Version : 10.2.0.5.0

Source Server         : ruicai
Source Server Version : 110200
Source Host           : localhost:1521
Source Schema         : RUICAI

Target Server Type    : ORACLE
Target Server Version : 110200
File Encoding         : 65001

Date: 2017-05-15 17:39:01
*/


-- ----------------------------
-- Table structure for EDUCATION_ATTENDANCE
-- ----------------------------
DROP TABLE "RUICAI"."EDUCATION_ATTENDANCE";
CREATE TABLE "RUICAI"."EDUCATION_ATTENDANCE" (
"ID" VARCHAR2(32 BYTE) DEFAULT sys_guid()  NOT NULL ,
"STUDENT_ID" VARCHAR2(32 BYTE) NOT NULL ,
"ATTENDANCE_STATUS" VARCHAR2(32 BYTE) NOT NULL ,
"ATTENDANCE_TIME" TIMESTAMP(6)  NOT NULL ,
"ATTENDANCE_REMARK" VARCHAR2(255 BYTE) NULL 
)
LOGGING
NOCOMPRESS
NOCACHE

;
COMMENT ON TABLE "RUICAI"."EDUCATION_ATTENDANCE" IS '考勤表';
COMMENT ON COLUMN "RUICAI"."EDUCATION_ATTENDANCE"."ID" IS '考勤ID';
COMMENT ON COLUMN "RUICAI"."EDUCATION_ATTENDANCE"."STUDENT_ID" IS '考勤学生ID';
COMMENT ON COLUMN "RUICAI"."EDUCATION_ATTENDANCE"."ATTENDANCE_STATUS" IS '考勤状态';
COMMENT ON COLUMN "RUICAI"."EDUCATION_ATTENDANCE"."ATTENDANCE_TIME" IS '签到时间';
COMMENT ON COLUMN "RUICAI"."EDUCATION_ATTENDANCE"."ATTENDANCE_REMARK" IS '备注';

-- ----------------------------
-- Records of EDUCATION_ATTENDANCE
-- ----------------------------

-- ----------------------------
-- Table structure for EDUCATION_CLASS
-- ----------------------------
DROP TABLE "RUICAI"."EDUCATION_CLASS";
CREATE TABLE "RUICAI"."EDUCATION_CLASS" (
"ID" VARCHAR2(32 BYTE) DEFAULT sys_guid()  NOT NULL ,
"HEAD_TEACHER_ID" VARCHAR2(32 BYTE) NOT NULL ,
"MAIN_TEACHER_ID" VARCHAR2(32 BYTE) NOT NULL ,
"ASSISTANT_ID" VARCHAR2(32 BYTE) NOT NULL ,
"CLASS_TYPE" VARCHAR2(32 BYTE) NOT NULL ,
"CLASS_NAME" VARCHAR2(20 BYTE) NOT NULL ,
"CLASS_START_DATE" DATE NOT NULL ,
"CLASS_END_DATE" DATE NOT NULL 
)
LOGGING
NOCOMPRESS
NOCACHE

;
COMMENT ON TABLE "RUICAI"."EDUCATION_CLASS" IS '班级表';
COMMENT ON COLUMN "RUICAI"."EDUCATION_CLASS"."ID" IS '班级ID';
COMMENT ON COLUMN "RUICAI"."EDUCATION_CLASS"."HEAD_TEACHER_ID" IS '班主任ID';
COMMENT ON COLUMN "RUICAI"."EDUCATION_CLASS"."MAIN_TEACHER_ID" IS '主讲教师ID';
COMMENT ON COLUMN "RUICAI"."EDUCATION_CLASS"."ASSISTANT_ID" IS '助教ID';
COMMENT ON COLUMN "RUICAI"."EDUCATION_CLASS"."CLASS_TYPE" IS '班级类型';
COMMENT ON COLUMN "RUICAI"."EDUCATION_CLASS"."CLASS_NAME" IS '班级名称';
COMMENT ON COLUMN "RUICAI"."EDUCATION_CLASS"."CLASS_START_DATE" IS '开班时间';
COMMENT ON COLUMN "RUICAI"."EDUCATION_CLASS"."CLASS_END_DATE" IS '结业时间';

-- ----------------------------
-- Records of EDUCATION_CLASS
-- ----------------------------
INSERT INTO "RUICAI"."EDUCATION_CLASS" VALUES ('B4EBCEB0C84D4816BEE0C680B87A515B', '3CFDFA27E2DA482E9407C333AB66793C', 'D43F3E62773444C59D7461010C7F80B2', '217888F002554F3F9B226E5372672EF2', '0048CFF7ECE246889F7A91298D64746D', 'JAVA-1701', TO_DATE('2017-04-27 14:32:52', 'YYYY-MM-DD HH24:MI:SS'), TO_DATE('2017-04-27 14:32:55', 'YYYY-MM-DD HH24:MI:SS'));
INSERT INTO "RUICAI"."EDUCATION_CLASS" VALUES ('B3F8B0519AA641AE8BBC2011626F2892', '3CFDFA27E2DA482E9407C333AB66793C', '245CC04AC40043788F0755131BDF4D0E', '217888F002554F3F9B226E5372672EF2', '0048CFF7ECE246889F7A91298D64746D', 'JAVA-1702', TO_DATE('2017-04-27 14:33:15', 'YYYY-MM-DD HH24:MI:SS'), TO_DATE('2017-04-27 14:33:18', 'YYYY-MM-DD HH24:MI:SS'));
INSERT INTO "RUICAI"."EDUCATION_CLASS" VALUES ('458153EBF77641DA8BB532529B774E89', '3CFDFA27E2DA482E9407C333AB66793C', 'D43F3E62773444C59D7461010C7F80B2', '217888F002554F3F9B226E5372672EF2', '0048CFF7ECE246889F7A91298D64746D', 'JAVA-1703', TO_DATE('2017-04-27 14:33:58', 'YYYY-MM-DD HH24:MI:SS'), TO_DATE('2017-04-27 14:34:00', 'YYYY-MM-DD HH24:MI:SS'));
INSERT INTO "RUICAI"."EDUCATION_CLASS" VALUES ('5AC1AAD55281479CBAF5E925C06E3BE5', '3CFDFA27E2DA482E9407C333AB66793C', '245CC04AC40043788F0755131BDF4D0E', '217888F002554F3F9B226E5372672EF2', '12BD788F0CAC43E48D4FF0AAF09CAD24', 'H5-1701', TO_DATE('2017-04-27 14:34:28', 'YYYY-MM-DD HH24:MI:SS'), TO_DATE('2017-04-27 14:34:30', 'YYYY-MM-DD HH24:MI:SS'));
INSERT INTO "RUICAI"."EDUCATION_CLASS" VALUES ('CEA9691B7B954219BB8590BCC9C4E4A3', '3CFDFA27E2DA482E9407C333AB66793C', '245CC04AC40043788F0755131BDF4D0E', '217888F002554F3F9B226E5372672EF2', '12BD788F0CAC43E48D4FF0AAF09CAD24', 'H5-1702', TO_DATE('2017-04-27 14:34:46', 'YYYY-MM-DD HH24:MI:SS'), TO_DATE('2017-04-27 14:34:47', 'YYYY-MM-DD HH24:MI:SS'));
INSERT INTO "RUICAI"."EDUCATION_CLASS" VALUES ('28F6B0F196944D40A1CDA897285E7C06', '3CFDFA27E2DA482E9407C333AB66793C', '245CC04AC40043788F0755131BDF4D0E', '66308924991444CBB98B1BE0519B4C75', 'F7D227130A6E4E6E9B6A73D2EB6C11C7', 'UI-1701', TO_DATE('2017-04-27 14:37:59', 'YYYY-MM-DD HH24:MI:SS'), TO_DATE('2017-04-27 14:38:02', 'YYYY-MM-DD HH24:MI:SS'));
INSERT INTO "RUICAI"."EDUCATION_CLASS" VALUES ('EBD9A167FA764E55850B810CCC88B03E', 'C003FBD03C404BCB8DA25449639419AB', 'D43F3E62773444C59D7461010C7F80B2', '66308924991444CBB98B1BE0519B4C75', 'F7D227130A6E4E6E9B6A73D2EB6C11C7', 'UI-1702', TO_DATE('2017-03-29 14:38:18', 'YYYY-MM-DD HH24:MI:SS'), TO_DATE('2017-04-27 14:38:22', 'YYYY-MM-DD HH24:MI:SS'));
INSERT INTO "RUICAI"."EDUCATION_CLASS" VALUES ('BC2D2A7CFC924E9982DD3CCF1B860660', 'C003FBD03C404BCB8DA25449639419AB', '245CC04AC40043788F0755131BDF4D0E', '66308924991444CBB98B1BE0519B4C75', '12BD788F0CAC43E48D4FF0AAF09CAD24', 'H5-1703', TO_DATE('2017-04-27 14:37:33', 'YYYY-MM-DD HH24:MI:SS'), TO_DATE('2017-04-27 14:37:35', 'YYYY-MM-DD HH24:MI:SS'));
INSERT INTO "RUICAI"."EDUCATION_CLASS" VALUES ('56859B4E11F940809C63C65B78F9000B', 'C003FBD03C404BCB8DA25449639419AB', 'D43F3E62773444C59D7461010C7F80B2', '66308924991444CBB98B1BE0519B4C75', 'F7D227130A6E4E6E9B6A73D2EB6C11C7', 'UI-1703', TO_DATE('2017-04-12 14:38:42', 'YYYY-MM-DD HH24:MI:SS'), TO_DATE('2017-04-11 14:38:45', 'YYYY-MM-DD HH24:MI:SS'));

-- ----------------------------
-- Table structure for EDUCATION_STUDENT
-- ----------------------------
DROP TABLE "RUICAI"."EDUCATION_STUDENT";
CREATE TABLE "RUICAI"."EDUCATION_STUDENT" (
"ID" VARCHAR2(32 BYTE) DEFAULT sys_guid()  NOT NULL ,
"USER_ID" VARCHAR2(32 BYTE) NOT NULL ,
"CLASS_ID" VARCHAR2(32 BYTE) NOT NULL ,
"STUDENT_EDUCATION" VARCHAR2(32 BYTE) NOT NULL ,
"STUDENT_SEX" VARCHAR2(32 BYTE) NOT NULL ,
"STUDENT_NAME" VARCHAR2(20 BYTE) NOT NULL ,
"STUDENT_ID_NUMBER" VARCHAR2(20 BYTE) NOT NULL ,
"STUDENT_SCHOOL" VARCHAR2(50 BYTE) NOT NULL ,
"STUDENT_SPECIALTY" VARCHAR2(50 BYTE) NOT NULL ,
"STUDENT_GRADUATION" DATE NOT NULL ,
"STUDENT_PHONE" VARCHAR2(50 BYTE) NOT NULL ,
"STUDENT_FAMILY_PHONE" VARCHAR2(50 BYTE) NOT NULL ,
"STUDENT_PICTURE" VARCHAR2(255 BYTE) NOT NULL ,
"STUDENT_CONDUCT" NUMBER(25) NOT NULL ,
"STUDENT_INSURANCE" VARCHAR2(50 BYTE) NOT NULL 
)
LOGGING
NOCOMPRESS
NOCACHE

;
COMMENT ON TABLE "RUICAI"."EDUCATION_STUDENT" IS '学生表';
COMMENT ON COLUMN "RUICAI"."EDUCATION_STUDENT"."ID" IS '学生ID';
COMMENT ON COLUMN "RUICAI"."EDUCATION_STUDENT"."USER_ID" IS '用户ID';
COMMENT ON COLUMN "RUICAI"."EDUCATION_STUDENT"."CLASS_ID" IS '班级ID';
COMMENT ON COLUMN "RUICAI"."EDUCATION_STUDENT"."STUDENT_EDUCATION" IS '学历';
COMMENT ON COLUMN "RUICAI"."EDUCATION_STUDENT"."STUDENT_SEX" IS '学生性别';
COMMENT ON COLUMN "RUICAI"."EDUCATION_STUDENT"."STUDENT_NAME" IS '学生姓名';
COMMENT ON COLUMN "RUICAI"."EDUCATION_STUDENT"."STUDENT_ID_NUMBER" IS '学生编号';
COMMENT ON COLUMN "RUICAI"."EDUCATION_STUDENT"."STUDENT_SCHOOL" IS '毕业院校';
COMMENT ON COLUMN "RUICAI"."EDUCATION_STUDENT"."STUDENT_SPECIALTY" IS '专业';
COMMENT ON COLUMN "RUICAI"."EDUCATION_STUDENT"."STUDENT_GRADUATION" IS '毕业时间';
COMMENT ON COLUMN "RUICAI"."EDUCATION_STUDENT"."STUDENT_PHONE" IS '本人联系方式';
COMMENT ON COLUMN "RUICAI"."EDUCATION_STUDENT"."STUDENT_FAMILY_PHONE" IS '家庭联系方式';
COMMENT ON COLUMN "RUICAI"."EDUCATION_STUDENT"."STUDENT_PICTURE" IS '照片保存地址';
COMMENT ON COLUMN "RUICAI"."EDUCATION_STUDENT"."STUDENT_CONDUCT" IS '操行分';

-- ----------------------------
-- Records of EDUCATION_STUDENT
-- ----------------------------

-- ----------------------------
-- Table structure for EDUCATION_TEACHER
-- ----------------------------
DROP TABLE "RUICAI"."EDUCATION_TEACHER";
CREATE TABLE "RUICAI"."EDUCATION_TEACHER" (
"ID" VARCHAR2(32 BYTE) DEFAULT sys_guid()  NOT NULL ,
"USER_ID" VARCHAR2(32 BYTE) NOT NULL ,
"TEACHER_TYPE" VARCHAR2(32 BYTE) NOT NULL ,
"TEACHER_SPECIALITY" VARCHAR2(32 BYTE) NOT NULL ,
"TEACHER_SEX" VARCHAR2(32 BYTE) NOT NULL ,
"TEACHER_NAME" VARCHAR2(20 BYTE) NOT NULL ,
"TEACHER_PHONE" VARCHAR2(11 BYTE) NOT NULL ,
"TEACHER_INTRODUCTION" VARCHAR2(255 BYTE) NOT NULL ,
"TEACHER_PICTURE" VARCHAR2(255 BYTE) NOT NULL ,
"TEACHER_NUMBER" VARCHAR2(32 BYTE) NULL 
)
LOGGING
NOCOMPRESS
NOCACHE

;
COMMENT ON TABLE "RUICAI"."EDUCATION_TEACHER" IS '教师表';
COMMENT ON COLUMN "RUICAI"."EDUCATION_TEACHER"."ID" IS '教师ID';
COMMENT ON COLUMN "RUICAI"."EDUCATION_TEACHER"."USER_ID" IS '用户ID';
COMMENT ON COLUMN "RUICAI"."EDUCATION_TEACHER"."TEACHER_TYPE" IS '执教类型';
COMMENT ON COLUMN "RUICAI"."EDUCATION_TEACHER"."TEACHER_SPECIALITY" IS '执教专业';
COMMENT ON COLUMN "RUICAI"."EDUCATION_TEACHER"."TEACHER_SEX" IS '性别';
COMMENT ON COLUMN "RUICAI"."EDUCATION_TEACHER"."TEACHER_NAME" IS '教师姓名';
COMMENT ON COLUMN "RUICAI"."EDUCATION_TEACHER"."TEACHER_PHONE" IS '联系方式';
COMMENT ON COLUMN "RUICAI"."EDUCATION_TEACHER"."TEACHER_INTRODUCTION" IS '教师简介';
COMMENT ON COLUMN "RUICAI"."EDUCATION_TEACHER"."TEACHER_PICTURE" IS '照片地址';

-- ----------------------------
-- Records of EDUCATION_TEACHER
-- ----------------------------

-- ----------------------------
-- Table structure for EDUCATION_WORK
-- ----------------------------
DROP TABLE "RUICAI"."EDUCATION_WORK";
CREATE TABLE "RUICAI"."EDUCATION_WORK" (
"ID" VARCHAR2(32 BYTE) DEFAULT sys_guid()  NOT NULL ,
"TEACHER_ID" VARCHAR2(32 BYTE) NOT NULL ,
"WORK_TYPE" VARCHAR2(32 BYTE) NOT NULL ,
"WORK_URL" VARCHAR2(255 BYTE) NOT NULL ,
"WORK_UPLOAD_TIME" TIMESTAMP(6)  NOT NULL ,
"WORK_REMARK" VARCHAR2(255 BYTE) NOT NULL 
)
LOGGING
NOCOMPRESS
NOCACHE

;
COMMENT ON TABLE "RUICAI"."EDUCATION_WORK" IS '教学资料表';
COMMENT ON COLUMN "RUICAI"."EDUCATION_WORK"."ID" IS '教学资料ID';
COMMENT ON COLUMN "RUICAI"."EDUCATION_WORK"."TEACHER_ID" IS '上传教师ID';
COMMENT ON COLUMN "RUICAI"."EDUCATION_WORK"."WORK_TYPE" IS '资料类型';
COMMENT ON COLUMN "RUICAI"."EDUCATION_WORK"."WORK_URL" IS '资料存放地址';
COMMENT ON COLUMN "RUICAI"."EDUCATION_WORK"."WORK_UPLOAD_TIME" IS '资料上传时间';
COMMENT ON COLUMN "RUICAI"."EDUCATION_WORK"."WORK_REMARK" IS '上传备注';

-- ----------------------------
-- Records of EDUCATION_WORK
-- ----------------------------

-- ----------------------------
-- Table structure for EVALUATION
-- ----------------------------
DROP TABLE "RUICAI"."EVALUATION";
CREATE TABLE "RUICAI"."EVALUATION" (
"ID" VARCHAR2(32 BYTE) DEFAULT sys_guid()  NOT NULL ,
"STUDENT_ID" VARCHAR2(32 BYTE) NOT NULL ,
"TEACHER_ID" VARCHAR2(32 BYTE) NOT NULL ,
"EVALUATION_TIME" DATE NOT NULL ,
"EVALUATION_FEEDBACK" VARCHAR2(255 BYTE) NOT NULL ,
"EVALUATION_SCORE" NUMBER(4) DEFAULT 0  NOT NULL 
)
LOGGING
NOCOMPRESS
NOCACHE

;
COMMENT ON TABLE "RUICAI"."EVALUATION" IS '评价表';
COMMENT ON COLUMN "RUICAI"."EVALUATION"."ID" IS '评价ID';
COMMENT ON COLUMN "RUICAI"."EVALUATION"."STUDENT_ID" IS '评价学生ID';
COMMENT ON COLUMN "RUICAI"."EVALUATION"."TEACHER_ID" IS '被评价教师ID';
COMMENT ON COLUMN "RUICAI"."EVALUATION"."EVALUATION_TIME" IS '评价时间';
COMMENT ON COLUMN "RUICAI"."EVALUATION"."EVALUATION_FEEDBACK" IS '反馈意见';

-- ----------------------------
-- Records of EVALUATION
-- ----------------------------

-- ----------------------------
-- Table structure for EVALUATION_DETAIL
-- ----------------------------
DROP TABLE "RUICAI"."EVALUATION_DETAIL";
CREATE TABLE "RUICAI"."EVALUATION_DETAIL" (
"ID" VARCHAR2(32 BYTE) DEFAULT sys_guid()  NOT NULL ,
"ITEM_ID" VARCHAR2(32 BYTE) NOT NULL ,
"EVALUATION_ID" VARCHAR2(32 BYTE) NOT NULL ,
"EVALUATION_SCORE" NUMBER(2) NOT NULL 
)
LOGGING
NOCOMPRESS
NOCACHE

;
COMMENT ON TABLE "RUICAI"."EVALUATION_DETAIL" IS '评价详情表';
COMMENT ON COLUMN "RUICAI"."EVALUATION_DETAIL"."ID" IS '评价详情ID';
COMMENT ON COLUMN "RUICAI"."EVALUATION_DETAIL"."ITEM_ID" IS '评价项ID';
COMMENT ON COLUMN "RUICAI"."EVALUATION_DETAIL"."EVALUATION_ID" IS '评价ID';
COMMENT ON COLUMN "RUICAI"."EVALUATION_DETAIL"."EVALUATION_SCORE" IS '评价分数';

-- ----------------------------
-- Records of EVALUATION_DETAIL
-- ----------------------------

-- ----------------------------
-- Table structure for EVALUATION_ITEM
-- ----------------------------
DROP TABLE "RUICAI"."EVALUATION_ITEM";
CREATE TABLE "RUICAI"."EVALUATION_ITEM" (
"ID" VARCHAR2(32 BYTE) DEFAULT sys_guid()  NOT NULL ,
"ITEM_TYPE" VARCHAR2(32 BYTE) NOT NULL ,
"ITEM_CONTENT" VARCHAR2(255 BYTE) NOT NULL ,
"ITEM_ENABLE" NUMBER(1) DEFAULT 1  NOT NULL 
)
LOGGING
NOCOMPRESS
NOCACHE

;
COMMENT ON TABLE "RUICAI"."EVALUATION_ITEM" IS '评价项表';
COMMENT ON COLUMN "RUICAI"."EVALUATION_ITEM"."ID" IS '评价项ID';
COMMENT ON COLUMN "RUICAI"."EVALUATION_ITEM"."ITEM_TYPE" IS '评价类型';
COMMENT ON COLUMN "RUICAI"."EVALUATION_ITEM"."ITEM_CONTENT" IS '评价项内容';
COMMENT ON COLUMN "RUICAI"."EVALUATION_ITEM"."ITEM_ENABLE" IS '是否启用';

-- ----------------------------
-- Records of EVALUATION_ITEM
-- ----------------------------

-- ----------------------------
-- Table structure for EVALUATION_MESSAGE
-- ----------------------------
DROP TABLE "RUICAI"."EVALUATION_MESSAGE";
CREATE TABLE "RUICAI"."EVALUATION_MESSAGE" (
"ID" VARCHAR2(32 BYTE) DEFAULT sys_guid()  NOT NULL ,
"PARENT_ID" VARCHAR2(32 BYTE) NULL ,
"MESSAGE_FROM" VARCHAR2(32 BYTE) NOT NULL ,
"MESSAGE_TO" VARCHAR2(32 BYTE) NOT NULL ,
"MESSAGE_STATUS" VARCHAR2(32 BYTE) NOT NULL ,
"MESSAGE_TIME" TIMESTAMP(6)  NOT NULL ,
"MESSAGE_CONTENT" VARCHAR2(255 BYTE) NOT NULL 
)
LOGGING
NOCOMPRESS
NOCACHE

;
COMMENT ON TABLE "RUICAI"."EVALUATION_MESSAGE" IS '留言表';
COMMENT ON COLUMN "RUICAI"."EVALUATION_MESSAGE"."ID" IS '留言ID';
COMMENT ON COLUMN "RUICAI"."EVALUATION_MESSAGE"."PARENT_ID" IS '被回复留言ID';
COMMENT ON COLUMN "RUICAI"."EVALUATION_MESSAGE"."MESSAGE_FROM" IS '留言人';
COMMENT ON COLUMN "RUICAI"."EVALUATION_MESSAGE"."MESSAGE_TO" IS '留言对象';
COMMENT ON COLUMN "RUICAI"."EVALUATION_MESSAGE"."MESSAGE_STATUS" IS '留言审核状态';
COMMENT ON COLUMN "RUICAI"."EVALUATION_MESSAGE"."MESSAGE_TIME" IS '留言时间';
COMMENT ON COLUMN "RUICAI"."EVALUATION_MESSAGE"."MESSAGE_CONTENT" IS '留言内容';

-- ----------------------------
-- Records of EVALUATION_MESSAGE
-- ----------------------------

-- ----------------------------
-- Table structure for EXAMINATION_ANSWER
-- ----------------------------
DROP TABLE "RUICAI"."EXAMINATION_ANSWER";
CREATE TABLE "RUICAI"."EXAMINATION_ANSWER" (
"ID" VARCHAR2(32 BYTE) DEFAULT sys_guid()  NOT NULL ,
"STUDENT_ID" VARCHAR2(32 BYTE) NOT NULL ,
"ANSWER_SCORE" NUMBER(3) NULL 
)
LOGGING
NOCOMPRESS
NOCACHE

;
COMMENT ON TABLE "RUICAI"."EXAMINATION_ANSWER" IS '答题卡表';
COMMENT ON COLUMN "RUICAI"."EXAMINATION_ANSWER"."ID" IS '答案ID';
COMMENT ON COLUMN "RUICAI"."EXAMINATION_ANSWER"."STUDENT_ID" IS '作答学生';
COMMENT ON COLUMN "RUICAI"."EXAMINATION_ANSWER"."ANSWER_SCORE" IS '作答总分';

-- ----------------------------
-- Records of EXAMINATION_ANSWER
-- ----------------------------

-- ----------------------------
-- Table structure for EXAMINATION_ANSWER_DETAIL
-- ----------------------------
DROP TABLE "RUICAI"."EXAMINATION_ANSWER_DETAIL";
CREATE TABLE "RUICAI"."EXAMINATION_ANSWER_DETAIL" (
"ID" VARCHAR2(32 BYTE) DEFAULT sys_guid()  NOT NULL ,
"ANSWER_ID" VARCHAR2(32 BYTE) NOT NULL ,
"PAPER_DETAIL_ID" VARCHAR2(32 BYTE) NOT NULL ,
"ANSWER_CONTENT" VARCHAR2(32 BYTE) NOT NULL ,
"ANSWER_DETAIL_SCORE" NUMBER(3) NOT NULL 
)
LOGGING
NOCOMPRESS
NOCACHE

;
COMMENT ON TABLE "RUICAI"."EXAMINATION_ANSWER_DETAIL" IS '答题详情表';
COMMENT ON COLUMN "RUICAI"."EXAMINATION_ANSWER_DETAIL"."ID" IS '答题详情ID';
COMMENT ON COLUMN "RUICAI"."EXAMINATION_ANSWER_DETAIL"."ANSWER_ID" IS '答题卡ID';
COMMENT ON COLUMN "RUICAI"."EXAMINATION_ANSWER_DETAIL"."PAPER_DETAIL_ID" IS '试卷详情ID';
COMMENT ON COLUMN "RUICAI"."EXAMINATION_ANSWER_DETAIL"."ANSWER_CONTENT" IS '作答内容';
COMMENT ON COLUMN "RUICAI"."EXAMINATION_ANSWER_DETAIL"."ANSWER_DETAIL_SCORE" IS '作答得分';

-- ----------------------------
-- Records of EXAMINATION_ANSWER_DETAIL
-- ----------------------------

-- ----------------------------
-- Table structure for EXAMINATION_ARRANGEMENT
-- ----------------------------
DROP TABLE "RUICAI"."EXAMINATION_ARRANGEMENT";
CREATE TABLE "RUICAI"."EXAMINATION_ARRANGEMENT" (
"ID" VARCHAR2(32 BYTE) DEFAULT sys_guid()  NOT NULL ,
"CLASS_ID" VARCHAR2(32 BYTE) NOT NULL ,
"TEACHER_ID" VARCHAR2(32 BYTE) NOT NULL ,
"PAPER_ID" VARCHAR2(32 BYTE) NOT NULL ,
"EXAMINATION_STAGE" VARCHAR2(32 BYTE) NOT NULL ,
"EXAMINATION_TIME" TIMESTAMP(0)  NOT NULL ,
"EXAMINATION_ADDRESS" VARCHAR2(255 BYTE) NOT NULL 
)
ENABLE ROW MOVEMENT
LOGGING
NOCOMPRESS
NOCACHE

;
COMMENT ON TABLE "RUICAI"."EXAMINATION_ARRANGEMENT" IS '考试安排表';
COMMENT ON COLUMN "RUICAI"."EXAMINATION_ARRANGEMENT"."ID" IS '考试安排ID';
COMMENT ON COLUMN "RUICAI"."EXAMINATION_ARRANGEMENT"."CLASS_ID" IS '参加考试班级';
COMMENT ON COLUMN "RUICAI"."EXAMINATION_ARRANGEMENT"."TEACHER_ID" IS '监考老师';
COMMENT ON COLUMN "RUICAI"."EXAMINATION_ARRANGEMENT"."PAPER_ID" IS '试卷ID';
COMMENT ON COLUMN "RUICAI"."EXAMINATION_ARRANGEMENT"."EXAMINATION_STAGE" IS '考试阶段';
COMMENT ON COLUMN "RUICAI"."EXAMINATION_ARRANGEMENT"."EXAMINATION_TIME" IS '考试时间';
COMMENT ON COLUMN "RUICAI"."EXAMINATION_ARRANGEMENT"."EXAMINATION_ADDRESS" IS '考试地点';

-- ----------------------------
-- Records of EXAMINATION_ARRANGEMENT
-- ----------------------------
INSERT INTO "RUICAI"."EXAMINATION_ARRANGEMENT" VALUES ('9430288C8CEA4441AEA233136A5798FB', 'B4EBCEB0C84D4816BEE0C680B87A515B', '70AF2DFE1A9F482A9D9AA265A2AAAB12', '57aa0821ac11414fba5a78938e39bfc3', '64215EEF9BFF4685857B20374AA60B44', TO_TIMESTAMP(' 2017-05-05 08:56:29', 'YYYY-MM-DD HH24:MI:SS:'), '111');
INSERT INTO "RUICAI"."EXAMINATION_ARRANGEMENT" VALUES ('FCD3E9B1282C4C4490AFE0653EE2228A', '11222422D63F4673BA5BF2BC565313EC', 'D38EC3A696A1401FA8CA7514ED2BFB01', '7ae1cc6a7f634d88963cbdc23a803d5a', '64215EEF9BFF4685857B20374AA60B44', TO_TIMESTAMP(' 2017-04-17 14:53:52', 'YYYY-MM-DD HH24:MI:SS:'), '302');
INSERT INTO "RUICAI"."EXAMINATION_ARRANGEMENT" VALUES ('5054C5E8F0304937A5C05920AEFDFF86', 'F36C09B7A7A84297995352D2409EB40E', 'D38EC3A696A1401FA8CA7514ED2BFB01', '41271fb86df9410ba95fad98638fc51c', '20665F80C6CD40E8804C9CBC6FC665F4', TO_TIMESTAMP(' 2017-04-17 14:55:51', 'YYYY-MM-DD HH24:MI:SS:'), '203');
INSERT INTO "RUICAI"."EXAMINATION_ARRANGEMENT" VALUES ('B9FBB20CCACA40588FBA0BF2035099B8', 'F36C09B7A7A84297995352D2409EB40E', '8A63B43ABDE441DEA6D7DA2049663D33', 'a2a1d2c6a58b438db653fd89149fe49a', '20665F80C6CD40E8804C9CBC6FC665F4', TO_TIMESTAMP(' 2017-04-17 15:21:23', 'YYYY-MM-DD HH24:MI:SS:'), '201');
INSERT INTO "RUICAI"."EXAMINATION_ARRANGEMENT" VALUES ('A34AE581F0A748699F596EBFF533FE27', '191E874887AE4943B1AD6BFA62E79941', '267BEDDCFFC846B6972B18F119726BEA', 'e977407ac6c144a5aefd6383d91078ea', '20665F80C6CD40E8804C9CBC6FC665F4', TO_TIMESTAMP(' 2017-04-13 15:23:57', 'YYYY-MM-DD HH24:MI:SS:'), '201');
INSERT INTO "RUICAI"."EXAMINATION_ARRANGEMENT" VALUES ('0FFBC50572284B50BC926941FF2D8760', 'F36C09B7A7A84297995352D2409EB40E', 'EEAD6B702E554C4386E18B07C86C4965', 'cbd2545716c74ebebc10c51ba439225b', '20665F80C6CD40E8804C9CBC6FC665F4', TO_TIMESTAMP(' 2017-04-17 15:26:50', 'YYYY-MM-DD HH24:MI:SS:'), '301');
INSERT INTO "RUICAI"."EXAMINATION_ARRANGEMENT" VALUES ('C0EAC8F1E4F64712A7EE95DED3FC9BA0', 'F36C09B7A7A84297995352D2409EB40E', 'D38EC3A696A1401FA8CA7514ED2BFB01', '8d72c83129984f9d99dbc3ba69a381f2', '10ADE5602D454A588F084A1A936CD62D', TO_TIMESTAMP(' 2017-04-17 14:49:54', 'YYYY-MM-DD HH24:MI:SS:'), '208');
INSERT INTO "RUICAI"."EXAMINATION_ARRANGEMENT" VALUES ('EE250726C9F2436085DD25995FE64658', 'F36C09B7A7A84297995352D2409EB40E', 'D38EC3A696A1401FA8CA7514ED2BFB01', '1735a8b606d744088bc6c398783a1fb6', '64215EEF9BFF4685857B20374AA60B44', TO_TIMESTAMP(' 2017-04-17 14:47:01', 'YYYY-MM-DD HH24:MI:SS:'), '201');
INSERT INTO "RUICAI"."EXAMINATION_ARRANGEMENT" VALUES ('79F03A0F506F4AA4876C081D0F9F1EAF', '11222422D63F4673BA5BF2BC565313EC', 'D38EC3A696A1401FA8CA7514ED2BFB01', '798f4eab69c64702a6310e02f713aecf', '64215EEF9BFF4685857B20374AA60B44', TO_TIMESTAMP(' 2017-04-19 14:47:01', 'YYYY-MM-DD HH24:MI:SS:'), '201');
INSERT INTO "RUICAI"."EXAMINATION_ARRANGEMENT" VALUES ('4929093669264F0AA7EC6008DD712038', '5859D4D0CC14468F9A4927FD8B49774A', 'EEAD6B702E554C4386E18B07C86C4965', '7fd68629660641e09c4d5546073f0650', '64215EEF9BFF4685857B20374AA60B44', TO_TIMESTAMP(' 2017-04-12 18:03:06', 'YYYY-MM-DD HH24:MI:SS:'), '302');
INSERT INTO "RUICAI"."EXAMINATION_ARRANGEMENT" VALUES ('7F32138600D346FEA9DA6FCED7D5A6CF', '5859D4D0CC14468F9A4927FD8B49774A', 'EEAD6B702E554C4386E18B07C86C4965', 'b666eb8d624c4df9801608dae504052a', '20665F80C6CD40E8804C9CBC6FC665F4', TO_TIMESTAMP(' 2017-04-24 18:03:21', 'YYYY-MM-DD HH24:MI:SS:'), '302');
INSERT INTO "RUICAI"."EXAMINATION_ARRANGEMENT" VALUES ('6AC62966A67E4408BEACA71A71C79395', '5859D4D0CC14468F9A4927FD8B49774A', 'D38EC3A696A1401FA8CA7514ED2BFB01', '7c44ab6e977e4f7d9f5fe40c8f837051', '71490624E62B4C27A1627F0BEEBA2E46', TO_TIMESTAMP(' 2017-04-05 18:03:34', 'YYYY-MM-DD HH24:MI:SS:'), '301');
INSERT INTO "RUICAI"."EXAMINATION_ARRANGEMENT" VALUES ('A9E2F425053D4996890BFB57FFB68963', '11222422D63F4673BA5BF2BC565313EC', 'D38EC3A696A1401FA8CA7514ED2BFB01', '28ade41a1ebe4942a4695fe35ba4dcd9', '10ADE5602D454A588F084A1A936CD62D', TO_TIMESTAMP(' 2017-04-17 19:34:15', 'YYYY-MM-DD HH24:MI:SS:'), '301');
INSERT INTO "RUICAI"."EXAMINATION_ARRANGEMENT" VALUES ('44C03C9169054E3B8A0C82097C840B93', '11222422D63F4673BA5BF2BC565313EC', 'D38EC3A696A1401FA8CA7514ED2BFB01', '0cc6b41598644513aa837470c8bace55', '64215EEF9BFF4685857B20374AA60B44', TO_TIMESTAMP(' 2017-04-17 14:53:06', 'YYYY-MM-DD HH24:MI:SS:'), '302');
INSERT INTO "RUICAI"."EXAMINATION_ARRANGEMENT" VALUES ('F8EFBDCC0A084621A6CDC71B5279A215', 'F36C09B7A7A84297995352D2409EB40E', 'D38EC3A696A1401FA8CA7514ED2BFB01', '4de7582b27a94e3e8bbfee8b62eeaa7d', '20665F80C6CD40E8804C9CBC6FC665F4', TO_TIMESTAMP(' 2017-04-17 19:33:51', 'YYYY-MM-DD HH24:MI:SS:'), '208');
INSERT INTO "RUICAI"."EXAMINATION_ARRANGEMENT" VALUES ('38C2B433939A4BA3AA93434955E8D0CD', '5859D4D0CC14468F9A4927FD8B49774A', 'EEAD6B702E554C4386E18B07C86C4965', 'f4c71a86d5a3433bbe129daf330a4550', '20665F80C6CD40E8804C9CBC6FC665F4', TO_TIMESTAMP(' 2017-04-14 16:17:15', 'YYYY-MM-DD HH24:MI:SS:'), '402');
INSERT INTO "RUICAI"."EXAMINATION_ARRANGEMENT" VALUES ('6EE7F6DDFE784A57B5FA2940DABEFCEB', '191E874887AE4943B1AD6BFA62E79941', '8A63B43ABDE441DEA6D7DA2049663D33', 'b66a940a218b4b209fcc3c5d929d566f', '20665F80C6CD40E8804C9CBC6FC665F4', TO_TIMESTAMP(' 2017-04-25 20:32:48', 'YYYY-MM-DD HH24:MI:SS:'), '321');
INSERT INTO "RUICAI"."EXAMINATION_ARRANGEMENT" VALUES ('277572DE207849A78F7DBA9D80CE9EA7', '7C21DB61303743A5B33FF7B31F57D52D', 'D38EC3A696A1401FA8CA7514ED2BFB01', '776e9c0b1596487a85a20f80823fec94', '71490624E62B4C27A1627F0BEEBA2E46', TO_TIMESTAMP(' 2017-04-14 17:54:04', 'YYYY-MM-DD HH24:MI:SS:'), '201');
INSERT INTO "RUICAI"."EXAMINATION_ARRANGEMENT" VALUES ('3AD748B35BD447F0A92536ED8D98AFAA', '191E874887AE4943B1AD6BFA62E79941', 'EEAD6B702E554C4386E18B07C86C4965', '546b0afc0689444a8e82ce9725f3d5be', '64215EEF9BFF4685857B20374AA60B44', TO_TIMESTAMP(' 2017-04-25 18:03:48', 'YYYY-MM-DD HH24:MI:SS:'), '301');

-- ----------------------------
-- Table structure for EXAMINATION_PAPER
-- ----------------------------
DROP TABLE "RUICAI"."EXAMINATION_PAPER";
CREATE TABLE "RUICAI"."EXAMINATION_PAPER" (
"ID" VARCHAR2(32 BYTE) DEFAULT sys_guid()  NOT NULL ,
"PAPER_STAGE" VARCHAR2(32 BYTE) NOT NULL ,
"PAPER_SUBJECT" VARCHAR2(32 BYTE) NOT NULL ,
"PAPER_STATUS" VARCHAR2(32 BYTE) NOT NULL ,
"PAPER_AUTHOR" VARCHAR2(32 BYTE) NOT NULL ,
"PAPER_TITLE" VARCHAR2(30 BYTE) NOT NULL 
)
LOGGING
NOCOMPRESS
NOCACHE

;
COMMENT ON TABLE "RUICAI"."EXAMINATION_PAPER" IS '试卷表';
COMMENT ON COLUMN "RUICAI"."EXAMINATION_PAPER"."ID" IS '试卷ID';
COMMENT ON COLUMN "RUICAI"."EXAMINATION_PAPER"."PAPER_STAGE" IS '考试阶段';
COMMENT ON COLUMN "RUICAI"."EXAMINATION_PAPER"."PAPER_SUBJECT" IS '试卷科目';
COMMENT ON COLUMN "RUICAI"."EXAMINATION_PAPER"."PAPER_STATUS" IS '试卷状态';
COMMENT ON COLUMN "RUICAI"."EXAMINATION_PAPER"."PAPER_AUTHOR" IS '出题人';
COMMENT ON COLUMN "RUICAI"."EXAMINATION_PAPER"."PAPER_TITLE" IS '试卷标题';

-- ----------------------------
-- Records of EXAMINATION_PAPER
-- ----------------------------

-- ----------------------------
-- Table structure for EXAMINATION_PAPER_DETAIL
-- ----------------------------
DROP TABLE "RUICAI"."EXAMINATION_PAPER_DETAIL";
CREATE TABLE "RUICAI"."EXAMINATION_PAPER_DETAIL" (
"ID" VARCHAR2(32 BYTE) DEFAULT sys_guid()  NOT NULL ,
"PAPER_ID" VARCHAR2(32 BYTE) NOT NULL ,
"QUESTION_ID" VARCHAR2(32 BYTE) NOT NULL 
)
LOGGING
NOCOMPRESS
NOCACHE

;
COMMENT ON TABLE "RUICAI"."EXAMINATION_PAPER_DETAIL" IS '试卷详情表';
COMMENT ON COLUMN "RUICAI"."EXAMINATION_PAPER_DETAIL"."ID" IS '试卷详情';
COMMENT ON COLUMN "RUICAI"."EXAMINATION_PAPER_DETAIL"."PAPER_ID" IS '试卷ID';
COMMENT ON COLUMN "RUICAI"."EXAMINATION_PAPER_DETAIL"."QUESTION_ID" IS '试题ID';

-- ----------------------------
-- Records of EXAMINATION_PAPER_DETAIL
-- ----------------------------

-- ----------------------------
-- Table structure for EXAMINATION_QUESTION
-- ----------------------------
DROP TABLE "RUICAI"."EXAMINATION_QUESTION";
CREATE TABLE "RUICAI"."EXAMINATION_QUESTION" (
"ID" VARCHAR2(32 BYTE) DEFAULT sys_guid()  NOT NULL ,
"QUESTION_SUBJECT" VARCHAR2(32 BYTE) NOT NULL ,
"QUESTION_TYPE" VARCHAR2(32 BYTE) NOT NULL ,
"QUESTION_SCORE" NUMBER(2) NOT NULL ,
"QUESTION_CONTENT" VARCHAR2(255 BYTE) NULL ,
"QUESTION_ANSWER" VARCHAR2(255 BYTE) NOT NULL ,
"QUESTION_SELECTIONS" NUMBER(5) NOT NULL ,
"QUESTION_STAGE" VARCHAR2(255 BYTE) NULL 
)
LOGGING
NOCOMPRESS
NOCACHE

;
COMMENT ON TABLE "RUICAI"."EXAMINATION_QUESTION" IS '题库表';
COMMENT ON COLUMN "RUICAI"."EXAMINATION_QUESTION"."ID" IS '试题ID';
COMMENT ON COLUMN "RUICAI"."EXAMINATION_QUESTION"."QUESTION_SUBJECT" IS '试题科目';
COMMENT ON COLUMN "RUICAI"."EXAMINATION_QUESTION"."QUESTION_TYPE" IS '试题类型';
COMMENT ON COLUMN "RUICAI"."EXAMINATION_QUESTION"."QUESTION_SCORE" IS '试题分数';
COMMENT ON COLUMN "RUICAI"."EXAMINATION_QUESTION"."QUESTION_CONTENT" IS '试题内容';
COMMENT ON COLUMN "RUICAI"."EXAMINATION_QUESTION"."QUESTION_ANSWER" IS '试题答案';
COMMENT ON COLUMN "RUICAI"."EXAMINATION_QUESTION"."QUESTION_SELECTIONS" IS '选用次数';

-- ----------------------------
-- Records of EXAMINATION_QUESTION
-- ----------------------------
INSERT INTO "RUICAI"."EXAMINATION_QUESTION" VALUES ('1DDEDB8484624D98BD6C6437154A6E65', 'BFBB41CEF61849509412C83E5C531A3E', 'CD47EAB0DC4544039AEF92EFBC7DEC87', '3', '大大所大所多', 'A', '0', '64215EEF9BFF4685857B20374AA60B44');

-- ----------------------------
-- Table structure for ROLE_TO_RESOURCE
-- ----------------------------
DROP TABLE "RUICAI"."ROLE_TO_RESOURCE";
CREATE TABLE "RUICAI"."ROLE_TO_RESOURCE" (
"ROLE_ID" VARCHAR2(32 BYTE) DEFAULT sys_guid()  NOT NULL ,
"RES_ID" VARCHAR2(32 BYTE) NOT NULL 
)
LOGGING
NOCOMPRESS
NOCACHE

;
COMMENT ON TABLE "RUICAI"."ROLE_TO_RESOURCE" IS '角色到资源的中间表';
COMMENT ON COLUMN "RUICAI"."ROLE_TO_RESOURCE"."ROLE_ID" IS '角色ID';
COMMENT ON COLUMN "RUICAI"."ROLE_TO_RESOURCE"."RES_ID" IS '资源ID';

-- ----------------------------
-- Records of ROLE_TO_RESOURCE
-- ----------------------------
INSERT INTO "RUICAI"."ROLE_TO_RESOURCE" VALUES ('18A6DD11FFBF4DFDA46451007F810C4C', '2C6CF463C2784F429AE9CF1DF8FBDA37');
INSERT INTO "RUICAI"."ROLE_TO_RESOURCE" VALUES ('18A6DD11FFBF4DFDA46451007F810C4C', '4EFEDACBD6CE49F2B4AA60E70358B760');
INSERT INTO "RUICAI"."ROLE_TO_RESOURCE" VALUES ('18A6DD11FFBF4DFDA46451007F810C4C', 'AE1C0E4926024D8B9B8A64EDB6B37CDB');
INSERT INTO "RUICAI"."ROLE_TO_RESOURCE" VALUES ('293C3EAADD2943B4B27E980E10A56A34', '3BFB9ABF24904BBC91F1939D83456BD2');
INSERT INTO "RUICAI"."ROLE_TO_RESOURCE" VALUES ('293C3EAADD2943B4B27E980E10A56A34', '4EFEDACBD6CE49F2B4AA60E70358B760');
INSERT INTO "RUICAI"."ROLE_TO_RESOURCE" VALUES ('3B5EE62985B5430D8881D50C40B34504', '2C6CF463C2784F429AE9CF1DF8FBDA37');
INSERT INTO "RUICAI"."ROLE_TO_RESOURCE" VALUES ('3B5EE62985B5430D8881D50C40B34504', '4EFEDACBD6CE49F2B4AA60E70358B760');
INSERT INTO "RUICAI"."ROLE_TO_RESOURCE" VALUES ('3B5EE62985B5430D8881D50C40B34504', 'AE1C0E4926024D8B9B8A64EDB6B37CDB');
INSERT INTO "RUICAI"."ROLE_TO_RESOURCE" VALUES ('74C9C7A3E5604D8CACD15E7465EEACA7', '2C6CF463C2784F429AE9CF1DF8FBDA37');
INSERT INTO "RUICAI"."ROLE_TO_RESOURCE" VALUES ('7B5D4E6D98EF45039D0E51377F54951A', '4EFEDACBD6CE49F2B4AA60E70358B760');
INSERT INTO "RUICAI"."ROLE_TO_RESOURCE" VALUES ('7B5D4E6D98EF45039D0E51377F54951A', 'AE1C0E4926024D8B9B8A64EDB6B37CDB');
INSERT INTO "RUICAI"."ROLE_TO_RESOURCE" VALUES ('7C06B642131146A0A241AB56B6D9C79D', 'AE1C0E4926024D8B9B8A64EDB6B37CDB');
INSERT INTO "RUICAI"."ROLE_TO_RESOURCE" VALUES ('7C06B642131146A0A241AB56B6D9C79D', 'EC274F502D354337B309A2D39E97C93F');
INSERT INTO "RUICAI"."ROLE_TO_RESOURCE" VALUES ('CADC173FBE9741B7B95B7C003CCFB311', '2C6CF463C2784F429AE9CF1DF8FBDA37');
INSERT INTO "RUICAI"."ROLE_TO_RESOURCE" VALUES ('CADC173FBE9741B7B95B7C003CCFB311', '4EFEDACBD6CE49F2B4AA60E70358B760');
INSERT INTO "RUICAI"."ROLE_TO_RESOURCE" VALUES ('CADC173FBE9741B7B95B7C003CCFB311', 'EC274F502D354337B309A2D39E97C93F');
INSERT INTO "RUICAI"."ROLE_TO_RESOURCE" VALUES ('D06EE3C546F74E84BC598C34C854C959', '2C6CF463C2784F429AE9CF1DF8FBDA37');
INSERT INTO "RUICAI"."ROLE_TO_RESOURCE" VALUES ('D06EE3C546F74E84BC598C34C854C959', '4EFEDACBD6CE49F2B4AA60E70358B760');
INSERT INTO "RUICAI"."ROLE_TO_RESOURCE" VALUES ('D6C4461B557F4A39AF08CABF11945B18', '2C6CF463C2784F429AE9CF1DF8FBDA37');
INSERT INTO "RUICAI"."ROLE_TO_RESOURCE" VALUES ('D6C4461B557F4A39AF08CABF11945B18', 'AE1C0E4926024D8B9B8A64EDB6B37CDB');

-- ----------------------------
-- Table structure for SYSTEM_DICTIONARY
-- ----------------------------
DROP TABLE "RUICAI"."SYSTEM_DICTIONARY";
CREATE TABLE "RUICAI"."SYSTEM_DICTIONARY" (
"ID" VARCHAR2(32 CHAR) DEFAULT NULL  NOT NULL ,
"DICTIONARY_TYPE_ID" VARCHAR2(32 CHAR) NOT NULL ,
"DICTIONARY_NAME" VARCHAR2(30 CHAR) NOT NULL ,
"DICTIONARY_VALUE" VARCHAR2(20 CHAR) NOT NULL ,
"DICTIONARY_DESCRIBE" VARCHAR2(255 CHAR) NULL ,
"DICTIONARY_SORT_NUMBER" NUMBER(3) DEFAULT 0  NOT NULL 
)
ENABLE ROW MOVEMENT
LOGGING
NOCOMPRESS
NOCACHE

;
COMMENT ON TABLE "RUICAI"."SYSTEM_DICTIONARY" IS '数据字典表';
COMMENT ON COLUMN "RUICAI"."SYSTEM_DICTIONARY"."ID" IS '字典ID';
COMMENT ON COLUMN "RUICAI"."SYSTEM_DICTIONARY"."DICTIONARY_TYPE_ID" IS '字典类型ID';
COMMENT ON COLUMN "RUICAI"."SYSTEM_DICTIONARY"."DICTIONARY_NAME" IS '字典名';
COMMENT ON COLUMN "RUICAI"."SYSTEM_DICTIONARY"."DICTIONARY_VALUE" IS '字典值';
COMMENT ON COLUMN "RUICAI"."SYSTEM_DICTIONARY"."DICTIONARY_DESCRIBE" IS '字典描述';
COMMENT ON COLUMN "RUICAI"."SYSTEM_DICTIONARY"."DICTIONARY_SORT_NUMBER" IS '排序编号';

-- ----------------------------
-- Records of SYSTEM_DICTIONARY
-- ----------------------------
INSERT INTO "RUICAI"."SYSTEM_DICTIONARY" VALUES ('1212C2C280F04BA5B53DFFAFE49AD893', '002E968CFAA94766BA6D82F008294F48', '等待审核', 'message-wait', null, '1');
INSERT INTO "RUICAI"."SYSTEM_DICTIONARY" VALUES ('9E2B64792E6C420C8D8F0A8A033392C5', '002E968CFAA94766BA6D82F008294F48', '审核通过', 'message-pass', null, '2');
INSERT INTO "RUICAI"."SYSTEM_DICTIONARY" VALUES ('0B585D682EF94C8FA12F012815431C85', '002E968CFAA94766BA6D82F008294F48', '审核失败', 'message-fail', null, '3');
INSERT INTO "RUICAI"."SYSTEM_DICTIONARY" VALUES ('E9EBBEA5AC154A20A78D35AFA52DBF72', '1B47209534194AC1B321ED7C906C8531', '单选题', 'single-choice', null, '1');
INSERT INTO "RUICAI"."SYSTEM_DICTIONARY" VALUES ('CD47EAB0DC4544039AEF92EFBC7DEC87', '1B47209534194AC1B321ED7C906C8531', '多选题', 'multi-choice', null, '2');
INSERT INTO "RUICAI"."SYSTEM_DICTIONARY" VALUES ('05E8B40F0B0E41BB9CEFB274FBDE32CB', '1B47209534194AC1B321ED7C906C8531', '填空题', 'fill-in-blank', null, '3');
INSERT INTO "RUICAI"."SYSTEM_DICTIONARY" VALUES ('91AEC3110C3543B68A9BD0EE7D758DF1', '1B47209534194AC1B321ED7C906C8531', '判断题', 'judgment', null, '4');
INSERT INTO "RUICAI"."SYSTEM_DICTIONARY" VALUES ('169CB4ECD4384E458C7E9576F5F74097', '1B47209534194AC1B321ED7C906C8531', '编程题', 'programing', null, '5');
INSERT INTO "RUICAI"."SYSTEM_DICTIONARY" VALUES ('3B6313ABF73947389F61DCD5DA61B6F0', '7C42A1F0B9B446889EF7716692148241', 'Java专业', 'javaSpeciality', null, '1');
INSERT INTO "RUICAI"."SYSTEM_DICTIONARY" VALUES ('4BD2075CA02F4AF498E645275D42435F', '7C42A1F0B9B446889EF7716692148241', 'UI专业', 'uiSpeciality', null, '2');
INSERT INTO "RUICAI"."SYSTEM_DICTIONARY" VALUES ('8292D69BE47A41CD9EB58FEF19910118', '7C42A1F0B9B446889EF7716692148241', 'H5专业', 'h5Speciality', null, '3');
INSERT INTO "RUICAI"."SYSTEM_DICTIONARY" VALUES ('13E42C15FB1646319468A1386EE8A164', 'DD3BC49CC8E846DE8DF49891021D2CA9', '保险已缴纳', 'pay', null, '1');
INSERT INTO "RUICAI"."SYSTEM_DICTIONARY" VALUES ('32AAF210A5DC4A079005E8A218E8015C', 'DD3BC49CC8E846DE8DF49891021D2CA9', '保险未缴纳', 'nopay', null, '2');
INSERT INTO "RUICAI"."SYSTEM_DICTIONARY" VALUES ('B80D70706AAD4585BDEE7C8396D34771', '6C76AB04D73943BFBF82CEEAE7105EC6', '小学', 'primary', null, '1');
INSERT INTO "RUICAI"."SYSTEM_DICTIONARY" VALUES ('355E9A840C294A4F9EBEA6720D35AEFF', '6C76AB04D73943BFBF82CEEAE7105EC6', '初中', 'junior', null, '2');
INSERT INTO "RUICAI"."SYSTEM_DICTIONARY" VALUES ('359FD599887A49F0885F13AAFF4F50C6', '6C76AB04D73943BFBF82CEEAE7105EC6', '高中', 'senior', null, '3');
INSERT INTO "RUICAI"."SYSTEM_DICTIONARY" VALUES ('4AA18AAB22F4496B82605B915D5AC2CD', '6C76AB04D73943BFBF82CEEAE7105EC6', '专科', 'fouse', null, '4');
INSERT INTO "RUICAI"."SYSTEM_DICTIONARY" VALUES ('28037D3CF3A0493A9F5F3FCC0904EEA0', '6C76AB04D73943BFBF82CEEAE7105EC6', '本科', 'regular', null, '5');
INSERT INTO "RUICAI"."SYSTEM_DICTIONARY" VALUES ('6ACB174AAEB44068BBEB14D061634B40', '6C76AB04D73943BFBF82CEEAE7105EC6', '研究生', 'gradute', null, '6');
INSERT INTO "RUICAI"."SYSTEM_DICTIONARY" VALUES ('8C1AE6245B3840C2A61B7FF720D0429A', '59310CBF94D74E689550577E506BAA17', '课件', 'resource', null, '1');
INSERT INTO "RUICAI"."SYSTEM_DICTIONARY" VALUES ('310329EEDEAC468E96802F112526F26C', '59310CBF94D74E689550577E506BAA17', '周报', 'weekly', null, '2');
INSERT INTO "RUICAI"."SYSTEM_DICTIONARY" VALUES ('352A8EAF127D4281B121CA780B96FC99', '1B57EFB4E918478ABF301C8ECC718872', '单选', 'radio', null, '0');
INSERT INTO "RUICAI"."SYSTEM_DICTIONARY" VALUES ('50B832E1BB674F54A8DF88532B6DAD8C', '1B57EFB4E918478ABF301C8ECC718872', '多选', 'check', null, '1');
INSERT INTO "RUICAI"."SYSTEM_DICTIONARY" VALUES ('90847145863A47CE982F0EF042BBFC44', '1B57EFB4E918478ABF301C8ECC718872', '下拉框', 'combo', null, '2');
INSERT INTO "RUICAI"."SYSTEM_DICTIONARY" VALUES ('352A8EAF127D4281B121CA740B96FC99', '1B57EFB4E918478ABF301C8ECC418872', '启用', 'enable', null, '0');
INSERT INTO "RUICAI"."SYSTEM_DICTIONARY" VALUES ('352A9EAF127D4281B121CA740B96FC99', '1B57EFB4E918478ABF301C8ECC418872', '不启用', 'disable', null, '1');
INSERT INTO "RUICAI"."SYSTEM_DICTIONARY" VALUES ('352A9EAF127D42811111111111111111', '1B57EFB4E928478ABF301C8ECC418872', '不显示', 'disvisible', null, '1');
INSERT INTO "RUICAI"."SYSTEM_DICTIONARY" VALUES ('352A9EAF127D42800000000000000000', '1B57EFB4E928478ABF301C8ECC418872', '显示', 'visible', null, '0');
INSERT INTO "RUICAI"."SYSTEM_DICTIONARY" VALUES ('471DFE5B6ED74FA8B4E411143D80220B', '4E78D9D0B64A46F2BEBEDC676BF1BD46', '测试2', '2', null, '2');
INSERT INTO "RUICAI"."SYSTEM_DICTIONARY" VALUES ('B1AF5C599DBD481DBB579AE6EBBB7BA0', '4E78D9D0B64A46F2BEBEDC676BF1BD46', '测试1', '1', null, '1');
INSERT INTO "RUICAI"."SYSTEM_DICTIONARY" VALUES ('20665F80C6CD40E8804C9CBC6FC665F4', '5695D59C89084DB783628FA4377C897B', '第三阶段', '3', null, '3');
INSERT INTO "RUICAI"."SYSTEM_DICTIONARY" VALUES ('71490624E62B4C27A1627F0BEEBA2E46', '5695D59C89084DB783628FA4377C897B', '第四阶段', '4', null, '4');
INSERT INTO "RUICAI"."SYSTEM_DICTIONARY" VALUES ('10ADE5602D454A588F084A1A936CD62D', '5695D59C89084DB783628FA4377C897B', '第一阶段', '1', null, '1');
INSERT INTO "RUICAI"."SYSTEM_DICTIONARY" VALUES ('64215EEF9BFF4685857B20374AA60B44', '5695D59C89084DB783628FA4377C897B', '第二阶段', '2', null, '2');
INSERT INTO "RUICAI"."SYSTEM_DICTIONARY" VALUES ('6A53AC3662C8436E8ED4F804332F91C1', '1A7607091EC64201821D57D886796A02', 's', 's', 's', '1');
INSERT INTO "RUICAI"."SYSTEM_DICTIONARY" VALUES ('60BED657D4FF4769AE486996FE000709', 'C6F1E73AD08C43008EAFFC56AB06AE41', '男', '1', null, '1');
INSERT INTO "RUICAI"."SYSTEM_DICTIONARY" VALUES ('072A0C91BE5042D9A5577B7213E821DD', 'C6F1E73AD08C43008EAFFC56AB06AE41', '女', '2', null, '2');
INSERT INTO "RUICAI"."SYSTEM_DICTIONARY" VALUES ('509ED878E3B2431AAAE21C4E56C5A8AD', 'C6F1E73AD08C43008EAFFC56AB06AE41', '其它', '3', null, '3');
INSERT INTO "RUICAI"."SYSTEM_DICTIONARY" VALUES ('DB1970EA2A544E35A629BDA645E7472D', 'B6AA3142AA0443FF93749EE4EB2C1A78', '讲师', 'main-teacher', null, '1');
INSERT INTO "RUICAI"."SYSTEM_DICTIONARY" VALUES ('991C20F1F5CD4109A59B1AE55817C660', 'B6AA3142AA0443FF93749EE4EB2C1A78', '班主任', 'head-teacher', null, '2');
INSERT INTO "RUICAI"."SYSTEM_DICTIONARY" VALUES ('CE43393D5CC34C12BE01E0695C5E28CB', 'B6AA3142AA0443FF93749EE4EB2C1A78', '助教', 'assistant-teacher', null, '3');
INSERT INTO "RUICAI"."SYSTEM_DICTIONARY" VALUES ('ADF5367A45414CEC9CF141F88D49823F', 'F026D21ABAFC4C3FACF9D9607369FBA4', '班主任', '2', null, '2');
INSERT INTO "RUICAI"."SYSTEM_DICTIONARY" VALUES ('0048CFF7ECE246889F7A91298D64746D', 'DF9EF9609A9F4A98855B52199AE78FF7', 'Java班', '1', null, '1');
INSERT INTO "RUICAI"."SYSTEM_DICTIONARY" VALUES ('F7D227130A6E4E6E9B6A73D2EB6C11C7', 'DF9EF9609A9F4A98855B52199AE78FF7', 'UI班', '2', null, '2');
INSERT INTO "RUICAI"."SYSTEM_DICTIONARY" VALUES ('12BD788F0CAC43E48D4FF0AAF09CAD24', 'DF9EF9609A9F4A98855B52199AE78FF7', 'H5班', '3', null, '3');
INSERT INTO "RUICAI"."SYSTEM_DICTIONARY" VALUES ('3E887B6A824141ABA8EE452397305413', 'F026D21ABAFC4C3FACF9D9607369FBA4', '讲师', '1', null, '1');
INSERT INTO "RUICAI"."SYSTEM_DICTIONARY" VALUES ('AFB72A250BBC4A36B99C76E30CEFEC0C', 'F026D21ABAFC4C3FACF9D9607369FBA4', '授课内容', '3', null, '3');
INSERT INTO "RUICAI"."SYSTEM_DICTIONARY" VALUES ('7F657245C476400E86E949CA011C779E', 'F026D21ABAFC4C3FACF9D9607369FBA4', '公司环境', '4', null, '4');
INSERT INTO "RUICAI"."SYSTEM_DICTIONARY" VALUES ('BFBB41CEF61849509412C83E5C531A3E', 'EC31F5FBBCC74B72A1F5DD0B8DAF88C9', 'Java', '1', null, '1');
INSERT INTO "RUICAI"."SYSTEM_DICTIONARY" VALUES ('A9DB4D191B7C4EE494F5CD0B051ACBAF', 'EC31F5FBBCC74B72A1F5DD0B8DAF88C9', 'UI', '2', null, '2');
INSERT INTO "RUICAI"."SYSTEM_DICTIONARY" VALUES ('DA9862D213514A7D864AB290BC9130D5', 'EC31F5FBBCC74B72A1F5DD0B8DAF88C9', 'H5', '3', null, '3');
INSERT INTO "RUICAI"."SYSTEM_DICTIONARY" VALUES ('CA9C7F7908D546D48C1090D535149749', '00CC5AC6F5354D788EDFB3B1427EDD66', '启用', 'on', null, '1');
INSERT INTO "RUICAI"."SYSTEM_DICTIONARY" VALUES ('720A8C3CB5E64342B1B64289132D5F38', '00CC5AC6F5354D788EDFB3B1427EDD66', '停用', 'off', null, '0');
INSERT INTO "RUICAI"."SYSTEM_DICTIONARY" VALUES ('0F70E37765EE44C4A84506E15B4960C0', '315D38F0D8E44BDB8E306C663F567C50', '学生', 'stu', null, '0');
INSERT INTO "RUICAI"."SYSTEM_DICTIONARY" VALUES ('5D20FC879BF34F37A286431C678FCBB9', '315D38F0D8E44BDB8E306C663F567C50', '教师', 'tea', null, '1');
INSERT INTO "RUICAI"."SYSTEM_DICTIONARY" VALUES ('310329EEDEAC468E91802F112526F26C', '59310CBF94D74E689550577E506BAA17', '课表', 'course', null, '3');

-- ----------------------------
-- Table structure for SYSTEM_DICTIONARY_TYPE
-- ----------------------------
DROP TABLE "RUICAI"."SYSTEM_DICTIONARY_TYPE";
CREATE TABLE "RUICAI"."SYSTEM_DICTIONARY_TYPE" (
"ID" VARCHAR2(32 CHAR) DEFAULT NULL  NOT NULL ,
"PARENT_ID" VARCHAR2(32 CHAR) NULL ,
"DICTIONARY_TYPE_NAME" VARCHAR2(30 CHAR) NOT NULL ,
"DICTIONARY_TYPE_DESCRIBE" VARCHAR2(255 CHAR) NULL ,
"DICTIONARY_TYPE_SORT_NUMBER" NUMBER(3) DEFAULT 0  NOT NULL 
)
LOGGING
NOCOMPRESS
NOCACHE

;
COMMENT ON TABLE "RUICAI"."SYSTEM_DICTIONARY_TYPE" IS '字典类型表';
COMMENT ON COLUMN "RUICAI"."SYSTEM_DICTIONARY_TYPE"."ID" IS '字典类型ID';
COMMENT ON COLUMN "RUICAI"."SYSTEM_DICTIONARY_TYPE"."PARENT_ID" IS '父字典类型ID';
COMMENT ON COLUMN "RUICAI"."SYSTEM_DICTIONARY_TYPE"."DICTIONARY_TYPE_NAME" IS '字典类型名称';
COMMENT ON COLUMN "RUICAI"."SYSTEM_DICTIONARY_TYPE"."DICTIONARY_TYPE_DESCRIBE" IS '字典类型描述';
COMMENT ON COLUMN "RUICAI"."SYSTEM_DICTIONARY_TYPE"."DICTIONARY_TYPE_SORT_NUMBER" IS '字典类型序号';

-- ----------------------------
-- Records of SYSTEM_DICTIONARY_TYPE
-- ----------------------------
INSERT INTO "RUICAI"."SYSTEM_DICTIONARY_TYPE" VALUES ('002E968CFAA94766BA6D82F008294F48', '1FB68B7BB46443F7AE74726ED353FDE5', 'message-status', '留言状态', '0');
INSERT INTO "RUICAI"."SYSTEM_DICTIONARY_TYPE" VALUES ('1B47209534194AC1B321ED7C906C8531', '2A643E718816452D9F8218E1A575550C', 'question_type', '试题类型', '0');
INSERT INTO "RUICAI"."SYSTEM_DICTIONARY_TYPE" VALUES ('DD3BC49CC8E846DE8DF49891021D2CA9', '1A7607091EC64201821D57D886796A02', 'insurance', '保险', '0');
INSERT INTO "RUICAI"."SYSTEM_DICTIONARY_TYPE" VALUES ('6C76AB04D73943BFBF82CEEAE7105EC6', '1A7607091EC64201821D57D886796A02', 'education', '学历', '0');
INSERT INTO "RUICAI"."SYSTEM_DICTIONARY_TYPE" VALUES ('1B57EFB4E918478ABF301C8ECC718872', 'AD0A5E7F8F4C49679465C353751F9B4A', 'resource-type', '资源类型', '0');
INSERT INTO "RUICAI"."SYSTEM_DICTIONARY_TYPE" VALUES ('7C42A1F0B9B446889EF7716692148241', '1A7607091EC64201821D57D886796A02', 'speciality', '专业', '0');
INSERT INTO "RUICAI"."SYSTEM_DICTIONARY_TYPE" VALUES ('1B57EFB4E918478ABF301C8ECC418872', 'AD0A5E7F8F4C49679465C353751F9B4A', 'resource-enable', '资源是否启用', '0');
INSERT INTO "RUICAI"."SYSTEM_DICTIONARY_TYPE" VALUES ('1B57EFB4E928478ABF301C8ECC418872', 'AD0A5E7F8F4C49679465C353751F9B4A', 'resource-visible', '资源是否显示', '0');
INSERT INTO "RUICAI"."SYSTEM_DICTIONARY_TYPE" VALUES ('59310CBF94D74E689550577E506BAA17', '1A7607091EC64201821D57D886796A02', 'work-type', '资料类型', '0');
INSERT INTO "RUICAI"."SYSTEM_DICTIONARY_TYPE" VALUES ('AD0A5E7F8F4C49679465C353751F9B4A', null, 'dictionary-type', '所有类型', '0');
INSERT INTO "RUICAI"."SYSTEM_DICTIONARY_TYPE" VALUES ('9F320108F8E3418A8514A0A04A5D661B', 'AD0A5E7F8F4C49679465C353751F9B4A', 'system-management', '系统管理', '1');
INSERT INTO "RUICAI"."SYSTEM_DICTIONARY_TYPE" VALUES ('1A7607091EC64201821D57D886796A02', 'AD0A5E7F8F4C49679465C353751F9B4A', 'education-management', '教务管理', '2');
INSERT INTO "RUICAI"."SYSTEM_DICTIONARY_TYPE" VALUES ('1FB68B7BB46443F7AE74726ED353FDE5', 'AD0A5E7F8F4C49679465C353751F9B4A', 'evaluation-online', '在线评教', '3');
INSERT INTO "RUICAI"."SYSTEM_DICTIONARY_TYPE" VALUES ('2A643E718816452D9F8218E1A575550C', 'AD0A5E7F8F4C49679465C353751F9B4A', 'examination-online', '在线考试', '4');
INSERT INTO "RUICAI"."SYSTEM_DICTIONARY_TYPE" VALUES ('C6F1E73AD08C43008EAFFC56AB06AE41', '9F320108F8E3418A8514A0A04A5D661B', 'sex', '性别', '0');
INSERT INTO "RUICAI"."SYSTEM_DICTIONARY_TYPE" VALUES ('B6AA3142AA0443FF93749EE4EB2C1A78', '1A7607091EC64201821D57D886796A02', 'teaching-type', '执教类型', '1');
INSERT INTO "RUICAI"."SYSTEM_DICTIONARY_TYPE" VALUES ('DF9EF9609A9F4A98855B52199AE78FF7', '1A7607091EC64201821D57D886796A02', 'class-type', '班级类型', '2');
INSERT INTO "RUICAI"."SYSTEM_DICTIONARY_TYPE" VALUES ('F026D21ABAFC4C3FACF9D9607369FBA4', '1FB68B7BB46443F7AE74726ED353FDE5', 'evaluation-type', '评价类型', '0');
INSERT INTO "RUICAI"."SYSTEM_DICTIONARY_TYPE" VALUES ('EC31F5FBBCC74B72A1F5DD0B8DAF88C9', '2A643E718816452D9F8218E1A575550C', 'examination-subject', '考试科目', '0');
INSERT INTO "RUICAI"."SYSTEM_DICTIONARY_TYPE" VALUES ('3B9A8A85B77E47A5848BBC7206ED6F44', null, 'add-test', '添加测试', '0');
INSERT INTO "RUICAI"."SYSTEM_DICTIONARY_TYPE" VALUES ('4E78D9D0B64A46F2BEBEDC676BF1BD46', '3B9A8A85B77E47A5848BBC7206ED6F44', 'test1', '测试1', '0');
INSERT INTO "RUICAI"."SYSTEM_DICTIONARY_TYPE" VALUES ('5695D59C89084DB783628FA4377C897B', '2A643E718816452D9F8218E1A575550C', 'examination-stage', '考试阶段', '0');
INSERT INTO "RUICAI"."SYSTEM_DICTIONARY_TYPE" VALUES ('00CC5AC6F5354D788EDFB3B1427EDD66', 'AD0A5E7F8F4C49679465C353751F9B4A', 'user-status', '用户状态', '0');
INSERT INTO "RUICAI"."SYSTEM_DICTIONARY_TYPE" VALUES ('315D38F0D8E44BDB8E306C663F567C50', 'AD0A5E7F8F4C49679465C353751F9B4A', 'user-type', '用户类型', '0');

-- ----------------------------
-- Table structure for SYSTEM_RESOURCE
-- ----------------------------
DROP TABLE "RUICAI"."SYSTEM_RESOURCE";
CREATE TABLE "RUICAI"."SYSTEM_RESOURCE" (
"ID" VARCHAR2(32 BYTE) DEFAULT sys_guid()  NOT NULL ,
"PARENT_ID" VARCHAR2(32 BYTE) NULL ,
"RESOURCE_TYPE" VARCHAR2(66 BYTE) NOT NULL ,
"RESOURCE_NAME" VARCHAR2(20 BYTE) NOT NULL ,
"RESOURCE_VALUE" VARCHAR2(255 BYTE) NOT NULL ,
"RESOURCE_DESCRIBE" VARCHAR2(255 BYTE) NOT NULL ,
"RESOURCE_VISIBLE" VARCHAR2(255 BYTE) NOT NULL ,
"RESOURCE_ENABLE" VARCHAR2(255 BYTE) NOT NULL 
)
LOGGING
NOCOMPRESS
NOCACHE

;
COMMENT ON TABLE "RUICAI"."SYSTEM_RESOURCE" IS '资源表';
COMMENT ON COLUMN "RUICAI"."SYSTEM_RESOURCE"."ID" IS '资源ID';
COMMENT ON COLUMN "RUICAI"."SYSTEM_RESOURCE"."PARENT_ID" IS '父资源ID';
COMMENT ON COLUMN "RUICAI"."SYSTEM_RESOURCE"."RESOURCE_TYPE" IS '资源类型';
COMMENT ON COLUMN "RUICAI"."SYSTEM_RESOURCE"."RESOURCE_NAME" IS '资源名称';
COMMENT ON COLUMN "RUICAI"."SYSTEM_RESOURCE"."RESOURCE_VALUE" IS '资源值';

-- ----------------------------
-- Records of SYSTEM_RESOURCE
-- ----------------------------
INSERT INTO "RUICAI"."SYSTEM_RESOURCE" VALUES ('AE1C0E4926024D8B9B8A64EDB6B37CDB', null, '50B832E1BB674F54A8DF88532B6DAD8C', 'asdsa', 'aas', 'fsafasfasf', '352A9EAF127D42800000000000000000', '352A8EAF127D4281B121CA740B96FC99');
INSERT INTO "RUICAI"."SYSTEM_RESOURCE" VALUES ('4EFEDACBD6CE49F2B4AA60E70358B760', null, '50B832E1BB674F54A8DF88532B6DAD8C', '性别按钮', 'sex', '塑料袋发号施令回复爱束缚数据库老妇女', '352A9EAF127D42800000000000000000', '352A9EAF127D4281B121CA740B96FC99');
INSERT INTO "RUICAI"."SYSTEM_RESOURCE" VALUES ('2C6CF463C2784F429AE9CF1DF8FBDA37', null, '50B832E1BB674F54A8DF88532B6DAD8C', '爱好选项', 'like', '搜房是你的佛设计费阿斯兰的骄傲离的很近阿里按时大大大地方', '352A9EAF127D42800000000000000000', '352A9EAF127D4281B121CA740B96FC99');
INSERT INTO "RUICAI"."SYSTEM_RESOURCE" VALUES ('3BFB9ABF24904BBC91F1939D83456BD2', null, '50B832E1BB674F54A8DF88532B6DAD8C', 'asdsa', 'aas', 'fsafasfasf', '352A9EAF127D42800000000000000000', '352A8EAF127D4281B121CA740B96FC99');
INSERT INTO "RUICAI"."SYSTEM_RESOURCE" VALUES ('EC274F502D354337B309A2D39E97C93F', null, '50B832E1BB674F54A8DF88532B6DAD8C', '角色选择', 'role', '哦啊十方俱灭搜平方米是老师解放南路', '352A9EAF127D42800000000000000000', '352A8EAF127D4281B121CA740B96FC99');

-- ----------------------------
-- Table structure for SYSTEM_ROLE
-- ----------------------------
DROP TABLE "RUICAI"."SYSTEM_ROLE";
CREATE TABLE "RUICAI"."SYSTEM_ROLE" (
"ID" VARCHAR2(32 BYTE) DEFAULT sys_guid()  NOT NULL ,
"PARENT_ID" VARCHAR2(32 BYTE) NULL ,
"ROLE_CODE" VARCHAR2(10 BYTE) NOT NULL ,
"ROLE_NAME" VARCHAR2(20 BYTE) NOT NULL ,
"ROLE_DESCRIBE" VARCHAR2(255 BYTE) NULL ,
"ROLE_INHERIT" NUMBER(1) NOT NULL 
)
LOGGING
NOCOMPRESS
NOCACHE

;
COMMENT ON TABLE "RUICAI"."SYSTEM_ROLE" IS '角色表';
COMMENT ON COLUMN "RUICAI"."SYSTEM_ROLE"."ID" IS '角色id';
COMMENT ON COLUMN "RUICAI"."SYSTEM_ROLE"."PARENT_ID" IS '父角色ID';
COMMENT ON COLUMN "RUICAI"."SYSTEM_ROLE"."ROLE_CODE" IS '角色标识码';
COMMENT ON COLUMN "RUICAI"."SYSTEM_ROLE"."ROLE_NAME" IS '角色名称';
COMMENT ON COLUMN "RUICAI"."SYSTEM_ROLE"."ROLE_DESCRIBE" IS '角色描述';
COMMENT ON COLUMN "RUICAI"."SYSTEM_ROLE"."ROLE_INHERIT" IS '是否继承父角色资源';

-- ----------------------------
-- Records of SYSTEM_ROLE
-- ----------------------------
INSERT INTO "RUICAI"."SYSTEM_ROLE" VALUES ('889E429C761F4F2E8B18534A09D5D624', '7C06B642131146A0A241AB56B6D9C79D', 'dsadsa', 'dsad', null, '1');
INSERT INTO "RUICAI"."SYSTEM_ROLE" VALUES ('7C06B642131146A0A241AB56B6D9C79D', '74C9C7A3E5604D8CACD15E7465EEACA7', 'eqw', 'qweq', 'dd', '1');
INSERT INTO "RUICAI"."SYSTEM_ROLE" VALUES ('293C3EAADD2943B4B27E980E10A56A34', null, 'stu', '学生', null, '1');
INSERT INTO "RUICAI"."SYSTEM_ROLE" VALUES ('D6C4461B557F4A39AF08CABF11945B18', '293C3EAADD2943B4B27E980E10A56A34', 'bgb', '班干部', null, '1');
INSERT INTO "RUICAI"."SYSTEM_ROLE" VALUES ('74C9C7A3E5604D8CACD15E7465EEACA7', 'D6C4461B557F4A39AF08CABF11945B18', 'jlwy', '纪律委员', null, '1');
INSERT INTO "RUICAI"."SYSTEM_ROLE" VALUES ('3B5EE62985B5430D8881D50C40B34504', null, 'tea', '老师', null, '1');
INSERT INTO "RUICAI"."SYSTEM_ROLE" VALUES ('D06EE3C546F74E84BC598C34C854C959', '3B5EE62985B5430D8881D50C40B34504', 'bzr', '班主任', null, '1');
INSERT INTO "RUICAI"."SYSTEM_ROLE" VALUES ('7B5D4E6D98EF45039D0E51377F54951A', '3B5EE62985B5430D8881D50C40B34504', 'js', '讲师', null, '1');
INSERT INTO "RUICAI"."SYSTEM_ROLE" VALUES ('CADC173FBE9741B7B95B7C003CCFB311', '3B5EE62985B5430D8881D50C40B34504', 'zj', '助教', '帅哥', '0');
INSERT INTO "RUICAI"."SYSTEM_ROLE" VALUES ('18A6DD11FFBF4DFDA46451007F810C4C', 'D6C4461B557F4A39AF08CABF11945B18', 'bz1', '班长1', '班长1', '0');

-- ----------------------------
-- Table structure for SYSTEM_USER
-- ----------------------------
DROP TABLE "RUICAI"."SYSTEM_USER";
CREATE TABLE "RUICAI"."SYSTEM_USER" (
"ID" VARCHAR2(32 BYTE) DEFAULT sys_guid()  NOT NULL ,
"USER_STATUS" VARCHAR2(32 BYTE) NOT NULL ,
"USER_TYPE" VARCHAR2(32 BYTE) NOT NULL ,
"USER_NAME" VARCHAR2(20 BYTE) NOT NULL ,
"USER_PWD" VARCHAR2(10 BYTE) DEFAULT 123456  NOT NULL ,
"USER_NUMBER" VARCHAR2(255 BYTE) NULL 
)
LOGGING
NOCOMPRESS
NOCACHE

;
COMMENT ON TABLE "RUICAI"."SYSTEM_USER" IS '用户表';
COMMENT ON COLUMN "RUICAI"."SYSTEM_USER"."ID" IS ' 用户id';
COMMENT ON COLUMN "RUICAI"."SYSTEM_USER"."USER_STATUS" IS '用户状态';
COMMENT ON COLUMN "RUICAI"."SYSTEM_USER"."USER_TYPE" IS '用户类型';
COMMENT ON COLUMN "RUICAI"."SYSTEM_USER"."USER_NAME" IS '用户名';
COMMENT ON COLUMN "RUICAI"."SYSTEM_USER"."USER_PWD" IS '用户密码';

-- ----------------------------
-- Records of SYSTEM_USER
-- ----------------------------

-- ----------------------------
-- Table structure for USER_TO_ROLE
-- ----------------------------
DROP TABLE "RUICAI"."USER_TO_ROLE";
CREATE TABLE "RUICAI"."USER_TO_ROLE" (
"USER_ID" VARCHAR2(32 BYTE) DEFAULT sys_guid()  NOT NULL ,
"ROLE_ID" VARCHAR2(32 BYTE) NOT NULL 
)
LOGGING
NOCOMPRESS
NOCACHE

;
COMMENT ON TABLE "RUICAI"."USER_TO_ROLE" IS '用户到角色中间表';
COMMENT ON COLUMN "RUICAI"."USER_TO_ROLE"."USER_ID" IS '用户ID';
COMMENT ON COLUMN "RUICAI"."USER_TO_ROLE"."ROLE_ID" IS '角色ID';

-- ----------------------------
-- Records of USER_TO_ROLE
-- ----------------------------

-- ----------------------------
-- Indexes structure for table EDUCATION_ATTENDANCE
-- ----------------------------

-- ----------------------------
-- Checks structure for table EDUCATION_ATTENDANCE
-- ----------------------------
ALTER TABLE "RUICAI"."EDUCATION_ATTENDANCE" ADD CHECK ("ID" IS NOT NULL);
ALTER TABLE "RUICAI"."EDUCATION_ATTENDANCE" ADD CHECK ("STUDENT_ID" IS NOT NULL);
ALTER TABLE "RUICAI"."EDUCATION_ATTENDANCE" ADD CHECK ("ATTENDANCE_STATUS" IS NOT NULL);
ALTER TABLE "RUICAI"."EDUCATION_ATTENDANCE" ADD CHECK ("ATTENDANCE_TIME" IS NOT NULL);
ALTER TABLE "RUICAI"."EDUCATION_ATTENDANCE" ADD CHECK ("ID" IS NOT NULL);
ALTER TABLE "RUICAI"."EDUCATION_ATTENDANCE" ADD CHECK ("STUDENT_ID" IS NOT NULL);
ALTER TABLE "RUICAI"."EDUCATION_ATTENDANCE" ADD CHECK ("ATTENDANCE_STATUS" IS NOT NULL);
ALTER TABLE "RUICAI"."EDUCATION_ATTENDANCE" ADD CHECK ("ATTENDANCE_TIME" IS NOT NULL);
ALTER TABLE "RUICAI"."EDUCATION_ATTENDANCE" ADD CHECK ("ID" IS NOT NULL);
ALTER TABLE "RUICAI"."EDUCATION_ATTENDANCE" ADD CHECK ("STUDENT_ID" IS NOT NULL);
ALTER TABLE "RUICAI"."EDUCATION_ATTENDANCE" ADD CHECK ("ATTENDANCE_STATUS" IS NOT NULL);
ALTER TABLE "RUICAI"."EDUCATION_ATTENDANCE" ADD CHECK ("ATTENDANCE_TIME" IS NOT NULL);

-- ----------------------------
-- Primary Key structure for table EDUCATION_ATTENDANCE
-- ----------------------------
ALTER TABLE "RUICAI"."EDUCATION_ATTENDANCE" ADD PRIMARY KEY ("ID");

-- ----------------------------
-- Indexes structure for table EDUCATION_CLASS
-- ----------------------------

-- ----------------------------
-- Checks structure for table EDUCATION_CLASS
-- ----------------------------
ALTER TABLE "RUICAI"."EDUCATION_CLASS" ADD CHECK ("ID" IS NOT NULL);
ALTER TABLE "RUICAI"."EDUCATION_CLASS" ADD CHECK ("HEAD_TEACHER_ID" IS NOT NULL);
ALTER TABLE "RUICAI"."EDUCATION_CLASS" ADD CHECK ("MAIN_TEACHER_ID" IS NOT NULL);
ALTER TABLE "RUICAI"."EDUCATION_CLASS" ADD CHECK ("ASSISTANT_ID" IS NOT NULL);
ALTER TABLE "RUICAI"."EDUCATION_CLASS" ADD CHECK ("CLASS_TYPE" IS NOT NULL);
ALTER TABLE "RUICAI"."EDUCATION_CLASS" ADD CHECK ("CLASS_NAME" IS NOT NULL);
ALTER TABLE "RUICAI"."EDUCATION_CLASS" ADD CHECK ("CLASS_START_DATE" IS NOT NULL);
ALTER TABLE "RUICAI"."EDUCATION_CLASS" ADD CHECK ("CLASS_END_DATE" IS NOT NULL);
ALTER TABLE "RUICAI"."EDUCATION_CLASS" ADD CHECK ("ID" IS NOT NULL);
ALTER TABLE "RUICAI"."EDUCATION_CLASS" ADD CHECK ("HEAD_TEACHER_ID" IS NOT NULL);
ALTER TABLE "RUICAI"."EDUCATION_CLASS" ADD CHECK ("MAIN_TEACHER_ID" IS NOT NULL);
ALTER TABLE "RUICAI"."EDUCATION_CLASS" ADD CHECK ("ASSISTANT_ID" IS NOT NULL);
ALTER TABLE "RUICAI"."EDUCATION_CLASS" ADD CHECK ("CLASS_TYPE" IS NOT NULL);
ALTER TABLE "RUICAI"."EDUCATION_CLASS" ADD CHECK ("CLASS_NAME" IS NOT NULL);
ALTER TABLE "RUICAI"."EDUCATION_CLASS" ADD CHECK ("CLASS_START_DATE" IS NOT NULL);
ALTER TABLE "RUICAI"."EDUCATION_CLASS" ADD CHECK ("CLASS_END_DATE" IS NOT NULL);
ALTER TABLE "RUICAI"."EDUCATION_CLASS" ADD CHECK ("ID" IS NOT NULL);
ALTER TABLE "RUICAI"."EDUCATION_CLASS" ADD CHECK ("HEAD_TEACHER_ID" IS NOT NULL);
ALTER TABLE "RUICAI"."EDUCATION_CLASS" ADD CHECK ("MAIN_TEACHER_ID" IS NOT NULL);
ALTER TABLE "RUICAI"."EDUCATION_CLASS" ADD CHECK ("ASSISTANT_ID" IS NOT NULL);
ALTER TABLE "RUICAI"."EDUCATION_CLASS" ADD CHECK ("CLASS_TYPE" IS NOT NULL);
ALTER TABLE "RUICAI"."EDUCATION_CLASS" ADD CHECK ("CLASS_NAME" IS NOT NULL);
ALTER TABLE "RUICAI"."EDUCATION_CLASS" ADD CHECK ("CLASS_START_DATE" IS NOT NULL);
ALTER TABLE "RUICAI"."EDUCATION_CLASS" ADD CHECK ("CLASS_END_DATE" IS NOT NULL);

-- ----------------------------
-- Primary Key structure for table EDUCATION_CLASS
-- ----------------------------
ALTER TABLE "RUICAI"."EDUCATION_CLASS" ADD PRIMARY KEY ("ID");

-- ----------------------------
-- Indexes structure for table EDUCATION_STUDENT
-- ----------------------------

-- ----------------------------
-- Checks structure for table EDUCATION_STUDENT
-- ----------------------------
ALTER TABLE "RUICAI"."EDUCATION_STUDENT" ADD CHECK ("ID" IS NOT NULL);
ALTER TABLE "RUICAI"."EDUCATION_STUDENT" ADD CHECK ("USER_ID" IS NOT NULL);
ALTER TABLE "RUICAI"."EDUCATION_STUDENT" ADD CHECK ("CLASS_ID" IS NOT NULL);
ALTER TABLE "RUICAI"."EDUCATION_STUDENT" ADD CHECK ("STUDENT_EDUCATION" IS NOT NULL);
ALTER TABLE "RUICAI"."EDUCATION_STUDENT" ADD CHECK ("STUDENT_SEX" IS NOT NULL);
ALTER TABLE "RUICAI"."EDUCATION_STUDENT" ADD CHECK ("STUDENT_NAME" IS NOT NULL);
ALTER TABLE "RUICAI"."EDUCATION_STUDENT" ADD CHECK ("STUDENT_ID_NUMBER" IS NOT NULL);
ALTER TABLE "RUICAI"."EDUCATION_STUDENT" ADD CHECK ("STUDENT_SCHOOL" IS NOT NULL);
ALTER TABLE "RUICAI"."EDUCATION_STUDENT" ADD CHECK ("STUDENT_SPECIALTY" IS NOT NULL);
ALTER TABLE "RUICAI"."EDUCATION_STUDENT" ADD CHECK ("STUDENT_GRADUATION" IS NOT NULL);
ALTER TABLE "RUICAI"."EDUCATION_STUDENT" ADD CHECK ("STUDENT_PHONE" IS NOT NULL);
ALTER TABLE "RUICAI"."EDUCATION_STUDENT" ADD CHECK ("STUDENT_FAMILY_PHONE" IS NOT NULL);
ALTER TABLE "RUICAI"."EDUCATION_STUDENT" ADD CHECK ("STUDENT_PICTURE" IS NOT NULL);
ALTER TABLE "RUICAI"."EDUCATION_STUDENT" ADD CHECK ("STUDENT_CONDUCT" IS NOT NULL);
ALTER TABLE "RUICAI"."EDUCATION_STUDENT" ADD CHECK ("STUDENT_INSURANCE" IS NOT NULL);
ALTER TABLE "RUICAI"."EDUCATION_STUDENT" ADD CHECK ("ID" IS NOT NULL);
ALTER TABLE "RUICAI"."EDUCATION_STUDENT" ADD CHECK ("USER_ID" IS NOT NULL);
ALTER TABLE "RUICAI"."EDUCATION_STUDENT" ADD CHECK ("CLASS_ID" IS NOT NULL);
ALTER TABLE "RUICAI"."EDUCATION_STUDENT" ADD CHECK ("STUDENT_EDUCATION" IS NOT NULL);
ALTER TABLE "RUICAI"."EDUCATION_STUDENT" ADD CHECK ("STUDENT_SEX" IS NOT NULL);
ALTER TABLE "RUICAI"."EDUCATION_STUDENT" ADD CHECK ("STUDENT_NAME" IS NOT NULL);
ALTER TABLE "RUICAI"."EDUCATION_STUDENT" ADD CHECK ("STUDENT_ID_NUMBER" IS NOT NULL);
ALTER TABLE "RUICAI"."EDUCATION_STUDENT" ADD CHECK ("STUDENT_SCHOOL" IS NOT NULL);
ALTER TABLE "RUICAI"."EDUCATION_STUDENT" ADD CHECK ("STUDENT_SPECIALTY" IS NOT NULL);
ALTER TABLE "RUICAI"."EDUCATION_STUDENT" ADD CHECK ("STUDENT_GRADUATION" IS NOT NULL);
ALTER TABLE "RUICAI"."EDUCATION_STUDENT" ADD CHECK ("STUDENT_PHONE" IS NOT NULL);
ALTER TABLE "RUICAI"."EDUCATION_STUDENT" ADD CHECK ("STUDENT_FAMILY_PHONE" IS NOT NULL);
ALTER TABLE "RUICAI"."EDUCATION_STUDENT" ADD CHECK ("STUDENT_PICTURE" IS NOT NULL);
ALTER TABLE "RUICAI"."EDUCATION_STUDENT" ADD CHECK ("STUDENT_CONDUCT" IS NOT NULL);
ALTER TABLE "RUICAI"."EDUCATION_STUDENT" ADD CHECK ("ID" IS NOT NULL);
ALTER TABLE "RUICAI"."EDUCATION_STUDENT" ADD CHECK ("USER_ID" IS NOT NULL);
ALTER TABLE "RUICAI"."EDUCATION_STUDENT" ADD CHECK ("CLASS_ID" IS NOT NULL);
ALTER TABLE "RUICAI"."EDUCATION_STUDENT" ADD CHECK ("STUDENT_EDUCATION" IS NOT NULL);
ALTER TABLE "RUICAI"."EDUCATION_STUDENT" ADD CHECK ("STUDENT_SEX" IS NOT NULL);
ALTER TABLE "RUICAI"."EDUCATION_STUDENT" ADD CHECK ("STUDENT_NAME" IS NOT NULL);
ALTER TABLE "RUICAI"."EDUCATION_STUDENT" ADD CHECK ("STUDENT_ID_NUMBER" IS NOT NULL);
ALTER TABLE "RUICAI"."EDUCATION_STUDENT" ADD CHECK ("STUDENT_SCHOOL" IS NOT NULL);
ALTER TABLE "RUICAI"."EDUCATION_STUDENT" ADD CHECK ("STUDENT_SPECIALTY" IS NOT NULL);
ALTER TABLE "RUICAI"."EDUCATION_STUDENT" ADD CHECK ("STUDENT_GRADUATION" IS NOT NULL);
ALTER TABLE "RUICAI"."EDUCATION_STUDENT" ADD CHECK ("STUDENT_PHONE" IS NOT NULL);
ALTER TABLE "RUICAI"."EDUCATION_STUDENT" ADD CHECK ("STUDENT_FAMILY_PHONE" IS NOT NULL);
ALTER TABLE "RUICAI"."EDUCATION_STUDENT" ADD CHECK ("STUDENT_PICTURE" IS NOT NULL);
ALTER TABLE "RUICAI"."EDUCATION_STUDENT" ADD CHECK ("STUDENT_CONDUCT" IS NOT NULL);
ALTER TABLE "RUICAI"."EDUCATION_STUDENT" ADD CHECK ("STUDENT_INSURANCE" IS NOT NULL);

-- ----------------------------
-- Primary Key structure for table EDUCATION_STUDENT
-- ----------------------------
ALTER TABLE "RUICAI"."EDUCATION_STUDENT" ADD PRIMARY KEY ("ID");

-- ----------------------------
-- Indexes structure for table EDUCATION_TEACHER
-- ----------------------------

-- ----------------------------
-- Checks structure for table EDUCATION_TEACHER
-- ----------------------------
ALTER TABLE "RUICAI"."EDUCATION_TEACHER" ADD CHECK ("ID" IS NOT NULL);
ALTER TABLE "RUICAI"."EDUCATION_TEACHER" ADD CHECK ("USER_ID" IS NOT NULL);
ALTER TABLE "RUICAI"."EDUCATION_TEACHER" ADD CHECK ("TEACHER_TYPE" IS NOT NULL);
ALTER TABLE "RUICAI"."EDUCATION_TEACHER" ADD CHECK ("TEACHER_SPECIALITY" IS NOT NULL);
ALTER TABLE "RUICAI"."EDUCATION_TEACHER" ADD CHECK ("TEACHER_SEX" IS NOT NULL);
ALTER TABLE "RUICAI"."EDUCATION_TEACHER" ADD CHECK ("TEACHER_NAME" IS NOT NULL);
ALTER TABLE "RUICAI"."EDUCATION_TEACHER" ADD CHECK ("TEACHER_PHONE" IS NOT NULL);
ALTER TABLE "RUICAI"."EDUCATION_TEACHER" ADD CHECK ("TEACHER_INTRODUCTION" IS NOT NULL);
ALTER TABLE "RUICAI"."EDUCATION_TEACHER" ADD CHECK ("TEACHER_PICTURE" IS NOT NULL);
ALTER TABLE "RUICAI"."EDUCATION_TEACHER" ADD CHECK ("ID" IS NOT NULL);
ALTER TABLE "RUICAI"."EDUCATION_TEACHER" ADD CHECK ("USER_ID" IS NOT NULL);
ALTER TABLE "RUICAI"."EDUCATION_TEACHER" ADD CHECK ("TEACHER_TYPE" IS NOT NULL);
ALTER TABLE "RUICAI"."EDUCATION_TEACHER" ADD CHECK ("TEACHER_SPECIALITY" IS NOT NULL);
ALTER TABLE "RUICAI"."EDUCATION_TEACHER" ADD CHECK ("TEACHER_SEX" IS NOT NULL);
ALTER TABLE "RUICAI"."EDUCATION_TEACHER" ADD CHECK ("TEACHER_NAME" IS NOT NULL);
ALTER TABLE "RUICAI"."EDUCATION_TEACHER" ADD CHECK ("TEACHER_PHONE" IS NOT NULL);
ALTER TABLE "RUICAI"."EDUCATION_TEACHER" ADD CHECK ("TEACHER_INTRODUCTION" IS NOT NULL);
ALTER TABLE "RUICAI"."EDUCATION_TEACHER" ADD CHECK ("TEACHER_PICTURE" IS NOT NULL);
ALTER TABLE "RUICAI"."EDUCATION_TEACHER" ADD CHECK ("ID" IS NOT NULL);
ALTER TABLE "RUICAI"."EDUCATION_TEACHER" ADD CHECK ("USER_ID" IS NOT NULL);
ALTER TABLE "RUICAI"."EDUCATION_TEACHER" ADD CHECK ("TEACHER_TYPE" IS NOT NULL);
ALTER TABLE "RUICAI"."EDUCATION_TEACHER" ADD CHECK ("TEACHER_SPECIALITY" IS NOT NULL);
ALTER TABLE "RUICAI"."EDUCATION_TEACHER" ADD CHECK ("TEACHER_SEX" IS NOT NULL);
ALTER TABLE "RUICAI"."EDUCATION_TEACHER" ADD CHECK ("TEACHER_NAME" IS NOT NULL);
ALTER TABLE "RUICAI"."EDUCATION_TEACHER" ADD CHECK ("TEACHER_PHONE" IS NOT NULL);
ALTER TABLE "RUICAI"."EDUCATION_TEACHER" ADD CHECK ("TEACHER_INTRODUCTION" IS NOT NULL);
ALTER TABLE "RUICAI"."EDUCATION_TEACHER" ADD CHECK ("TEACHER_PICTURE" IS NOT NULL);

-- ----------------------------
-- Primary Key structure for table EDUCATION_TEACHER
-- ----------------------------
ALTER TABLE "RUICAI"."EDUCATION_TEACHER" ADD PRIMARY KEY ("ID");

-- ----------------------------
-- Indexes structure for table EDUCATION_WORK
-- ----------------------------

-- ----------------------------
-- Checks structure for table EDUCATION_WORK
-- ----------------------------
ALTER TABLE "RUICAI"."EDUCATION_WORK" ADD CHECK ("ID" IS NOT NULL);
ALTER TABLE "RUICAI"."EDUCATION_WORK" ADD CHECK ("TEACHER_ID" IS NOT NULL);
ALTER TABLE "RUICAI"."EDUCATION_WORK" ADD CHECK ("WORK_TYPE" IS NOT NULL);
ALTER TABLE "RUICAI"."EDUCATION_WORK" ADD CHECK ("WORK_URL" IS NOT NULL);
ALTER TABLE "RUICAI"."EDUCATION_WORK" ADD CHECK ("WORK_UPLOAD_TIME" IS NOT NULL);
ALTER TABLE "RUICAI"."EDUCATION_WORK" ADD CHECK ("WORK_REMARK" IS NOT NULL);
ALTER TABLE "RUICAI"."EDUCATION_WORK" ADD CHECK ("ID" IS NOT NULL);
ALTER TABLE "RUICAI"."EDUCATION_WORK" ADD CHECK ("TEACHER_ID" IS NOT NULL);
ALTER TABLE "RUICAI"."EDUCATION_WORK" ADD CHECK ("WORK_TYPE" IS NOT NULL);
ALTER TABLE "RUICAI"."EDUCATION_WORK" ADD CHECK ("WORK_URL" IS NOT NULL);
ALTER TABLE "RUICAI"."EDUCATION_WORK" ADD CHECK ("WORK_UPLOAD_TIME" IS NOT NULL);
ALTER TABLE "RUICAI"."EDUCATION_WORK" ADD CHECK ("ID" IS NOT NULL);
ALTER TABLE "RUICAI"."EDUCATION_WORK" ADD CHECK ("TEACHER_ID" IS NOT NULL);
ALTER TABLE "RUICAI"."EDUCATION_WORK" ADD CHECK ("WORK_TYPE" IS NOT NULL);
ALTER TABLE "RUICAI"."EDUCATION_WORK" ADD CHECK ("WORK_URL" IS NOT NULL);
ALTER TABLE "RUICAI"."EDUCATION_WORK" ADD CHECK ("WORK_UPLOAD_TIME" IS NOT NULL);
ALTER TABLE "RUICAI"."EDUCATION_WORK" ADD CHECK ("WORK_REMARK" IS NOT NULL);

-- ----------------------------
-- Primary Key structure for table EDUCATION_WORK
-- ----------------------------
ALTER TABLE "RUICAI"."EDUCATION_WORK" ADD PRIMARY KEY ("ID");

-- ----------------------------
-- Indexes structure for table EVALUATION
-- ----------------------------

-- ----------------------------
-- Checks structure for table EVALUATION
-- ----------------------------
ALTER TABLE "RUICAI"."EVALUATION" ADD CHECK ("ID" IS NOT NULL);
ALTER TABLE "RUICAI"."EVALUATION" ADD CHECK ("STUDENT_ID" IS NOT NULL);
ALTER TABLE "RUICAI"."EVALUATION" ADD CHECK ("TEACHER_ID" IS NOT NULL);
ALTER TABLE "RUICAI"."EVALUATION" ADD CHECK ("EVALUATION_TIME" IS NOT NULL);
ALTER TABLE "RUICAI"."EVALUATION" ADD CHECK ("EVALUATION_FEEDBACK" IS NOT NULL);
ALTER TABLE "RUICAI"."EVALUATION" ADD CHECK ("ID" IS NOT NULL);
ALTER TABLE "RUICAI"."EVALUATION" ADD CHECK ("STUDENT_ID" IS NOT NULL);
ALTER TABLE "RUICAI"."EVALUATION" ADD CHECK ("TEACHER_ID" IS NOT NULL);
ALTER TABLE "RUICAI"."EVALUATION" ADD CHECK ("EVALUATION_TIME" IS NOT NULL);
ALTER TABLE "RUICAI"."EVALUATION" ADD CHECK ("EVALUATION_FEEDBACK" IS NOT NULL);
ALTER TABLE "RUICAI"."EVALUATION" ADD CHECK ("ID" IS NOT NULL);
ALTER TABLE "RUICAI"."EVALUATION" ADD CHECK ("STUDENT_ID" IS NOT NULL);
ALTER TABLE "RUICAI"."EVALUATION" ADD CHECK ("TEACHER_ID" IS NOT NULL);
ALTER TABLE "RUICAI"."EVALUATION" ADD CHECK ("EVALUATION_TIME" IS NOT NULL);
ALTER TABLE "RUICAI"."EVALUATION" ADD CHECK ("EVALUATION_FEEDBACK" IS NOT NULL);
ALTER TABLE "RUICAI"."EVALUATION" ADD CHECK ("EVALUATION_SCORE" IS NOT NULL);

-- ----------------------------
-- Primary Key structure for table EVALUATION
-- ----------------------------
ALTER TABLE "RUICAI"."EVALUATION" ADD PRIMARY KEY ("ID");

-- ----------------------------
-- Indexes structure for table EVALUATION_DETAIL
-- ----------------------------

-- ----------------------------
-- Checks structure for table EVALUATION_DETAIL
-- ----------------------------
ALTER TABLE "RUICAI"."EVALUATION_DETAIL" ADD CHECK ("ID" IS NOT NULL);
ALTER TABLE "RUICAI"."EVALUATION_DETAIL" ADD CHECK ("ITEM_ID" IS NOT NULL);
ALTER TABLE "RUICAI"."EVALUATION_DETAIL" ADD CHECK ("EVALUATION_ID" IS NOT NULL);
ALTER TABLE "RUICAI"."EVALUATION_DETAIL" ADD CHECK ("EVALUATION_SCORE" IS NOT NULL);
ALTER TABLE "RUICAI"."EVALUATION_DETAIL" ADD CHECK ("ID" IS NOT NULL);
ALTER TABLE "RUICAI"."EVALUATION_DETAIL" ADD CHECK ("ITEM_ID" IS NOT NULL);
ALTER TABLE "RUICAI"."EVALUATION_DETAIL" ADD CHECK ("EVALUATION_ID" IS NOT NULL);
ALTER TABLE "RUICAI"."EVALUATION_DETAIL" ADD CHECK ("EVALUATION_SCORE" IS NOT NULL);
ALTER TABLE "RUICAI"."EVALUATION_DETAIL" ADD CHECK ("ID" IS NOT NULL);
ALTER TABLE "RUICAI"."EVALUATION_DETAIL" ADD CHECK ("ITEM_ID" IS NOT NULL);
ALTER TABLE "RUICAI"."EVALUATION_DETAIL" ADD CHECK ("EVALUATION_ID" IS NOT NULL);
ALTER TABLE "RUICAI"."EVALUATION_DETAIL" ADD CHECK ("EVALUATION_SCORE" IS NOT NULL);

-- ----------------------------
-- Primary Key structure for table EVALUATION_DETAIL
-- ----------------------------
ALTER TABLE "RUICAI"."EVALUATION_DETAIL" ADD PRIMARY KEY ("ID");

-- ----------------------------
-- Indexes structure for table EVALUATION_ITEM
-- ----------------------------

-- ----------------------------
-- Checks structure for table EVALUATION_ITEM
-- ----------------------------
ALTER TABLE "RUICAI"."EVALUATION_ITEM" ADD CHECK ("ID" IS NOT NULL);
ALTER TABLE "RUICAI"."EVALUATION_ITEM" ADD CHECK ("ITEM_TYPE" IS NOT NULL);
ALTER TABLE "RUICAI"."EVALUATION_ITEM" ADD CHECK ("ITEM_CONTENT" IS NOT NULL);
ALTER TABLE "RUICAI"."EVALUATION_ITEM" ADD CHECK ("ITEM_ENABLE" IS NOT NULL);
ALTER TABLE "RUICAI"."EVALUATION_ITEM" ADD CHECK ("ID" IS NOT NULL);
ALTER TABLE "RUICAI"."EVALUATION_ITEM" ADD CHECK ("ITEM_TYPE" IS NOT NULL);
ALTER TABLE "RUICAI"."EVALUATION_ITEM" ADD CHECK ("ITEM_CONTENT" IS NOT NULL);
ALTER TABLE "RUICAI"."EVALUATION_ITEM" ADD CHECK ("ITEM_ENABLE" IS NOT NULL);
ALTER TABLE "RUICAI"."EVALUATION_ITEM" ADD CHECK ("ID" IS NOT NULL);
ALTER TABLE "RUICAI"."EVALUATION_ITEM" ADD CHECK ("ITEM_TYPE" IS NOT NULL);
ALTER TABLE "RUICAI"."EVALUATION_ITEM" ADD CHECK ("ITEM_CONTENT" IS NOT NULL);
ALTER TABLE "RUICAI"."EVALUATION_ITEM" ADD CHECK ("ITEM_ENABLE" IS NOT NULL);

-- ----------------------------
-- Primary Key structure for table EVALUATION_ITEM
-- ----------------------------
ALTER TABLE "RUICAI"."EVALUATION_ITEM" ADD PRIMARY KEY ("ID");

-- ----------------------------
-- Indexes structure for table EVALUATION_MESSAGE
-- ----------------------------

-- ----------------------------
-- Checks structure for table EVALUATION_MESSAGE
-- ----------------------------
ALTER TABLE "RUICAI"."EVALUATION_MESSAGE" ADD CHECK ("ID" IS NOT NULL);
ALTER TABLE "RUICAI"."EVALUATION_MESSAGE" ADD CHECK ("MESSAGE_FROM" IS NOT NULL);
ALTER TABLE "RUICAI"."EVALUATION_MESSAGE" ADD CHECK ("MESSAGE_TO" IS NOT NULL);
ALTER TABLE "RUICAI"."EVALUATION_MESSAGE" ADD CHECK ("MESSAGE_STATUS" IS NOT NULL);
ALTER TABLE "RUICAI"."EVALUATION_MESSAGE" ADD CHECK ("MESSAGE_TIME" IS NOT NULL);
ALTER TABLE "RUICAI"."EVALUATION_MESSAGE" ADD CHECK ("MESSAGE_CONTENT" IS NOT NULL);
ALTER TABLE "RUICAI"."EVALUATION_MESSAGE" ADD CHECK ("ID" IS NOT NULL);
ALTER TABLE "RUICAI"."EVALUATION_MESSAGE" ADD CHECK ("MESSAGE_FROM" IS NOT NULL);
ALTER TABLE "RUICAI"."EVALUATION_MESSAGE" ADD CHECK ("MESSAGE_TO" IS NOT NULL);
ALTER TABLE "RUICAI"."EVALUATION_MESSAGE" ADD CHECK ("MESSAGE_STATUS" IS NOT NULL);
ALTER TABLE "RUICAI"."EVALUATION_MESSAGE" ADD CHECK ("MESSAGE_TIME" IS NOT NULL);
ALTER TABLE "RUICAI"."EVALUATION_MESSAGE" ADD CHECK ("MESSAGE_CONTENT" IS NOT NULL);
ALTER TABLE "RUICAI"."EVALUATION_MESSAGE" ADD CHECK ("ID" IS NOT NULL);
ALTER TABLE "RUICAI"."EVALUATION_MESSAGE" ADD CHECK ("MESSAGE_FROM" IS NOT NULL);
ALTER TABLE "RUICAI"."EVALUATION_MESSAGE" ADD CHECK ("MESSAGE_TO" IS NOT NULL);
ALTER TABLE "RUICAI"."EVALUATION_MESSAGE" ADD CHECK ("MESSAGE_STATUS" IS NOT NULL);
ALTER TABLE "RUICAI"."EVALUATION_MESSAGE" ADD CHECK ("MESSAGE_TIME" IS NOT NULL);
ALTER TABLE "RUICAI"."EVALUATION_MESSAGE" ADD CHECK ("MESSAGE_CONTENT" IS NOT NULL);

-- ----------------------------
-- Primary Key structure for table EVALUATION_MESSAGE
-- ----------------------------
ALTER TABLE "RUICAI"."EVALUATION_MESSAGE" ADD PRIMARY KEY ("ID");

-- ----------------------------
-- Indexes structure for table EXAMINATION_ANSWER
-- ----------------------------

-- ----------------------------
-- Checks structure for table EXAMINATION_ANSWER
-- ----------------------------
ALTER TABLE "RUICAI"."EXAMINATION_ANSWER" ADD CHECK ("ID" IS NOT NULL);
ALTER TABLE "RUICAI"."EXAMINATION_ANSWER" ADD CHECK ("STUDENT_ID" IS NOT NULL);
ALTER TABLE "RUICAI"."EXAMINATION_ANSWER" ADD CHECK ("ID" IS NOT NULL);
ALTER TABLE "RUICAI"."EXAMINATION_ANSWER" ADD CHECK ("STUDENT_ID" IS NOT NULL);
ALTER TABLE "RUICAI"."EXAMINATION_ANSWER" ADD CHECK ("ID" IS NOT NULL);
ALTER TABLE "RUICAI"."EXAMINATION_ANSWER" ADD CHECK ("STUDENT_ID" IS NOT NULL);

-- ----------------------------
-- Primary Key structure for table EXAMINATION_ANSWER
-- ----------------------------
ALTER TABLE "RUICAI"."EXAMINATION_ANSWER" ADD PRIMARY KEY ("ID");

-- ----------------------------
-- Indexes structure for table EXAMINATION_ANSWER_DETAIL
-- ----------------------------

-- ----------------------------
-- Checks structure for table EXAMINATION_ANSWER_DETAIL
-- ----------------------------
ALTER TABLE "RUICAI"."EXAMINATION_ANSWER_DETAIL" ADD CHECK ("ID" IS NOT NULL);
ALTER TABLE "RUICAI"."EXAMINATION_ANSWER_DETAIL" ADD CHECK ("ANSWER_ID" IS NOT NULL);
ALTER TABLE "RUICAI"."EXAMINATION_ANSWER_DETAIL" ADD CHECK ("PAPER_DETAIL_ID" IS NOT NULL);
ALTER TABLE "RUICAI"."EXAMINATION_ANSWER_DETAIL" ADD CHECK ("ANSWER_CONTENT" IS NOT NULL);
ALTER TABLE "RUICAI"."EXAMINATION_ANSWER_DETAIL" ADD CHECK ("ANSWER_DETAIL_SCORE" IS NOT NULL);
ALTER TABLE "RUICAI"."EXAMINATION_ANSWER_DETAIL" ADD CHECK ("ID" IS NOT NULL);
ALTER TABLE "RUICAI"."EXAMINATION_ANSWER_DETAIL" ADD CHECK ("ANSWER_ID" IS NOT NULL);
ALTER TABLE "RUICAI"."EXAMINATION_ANSWER_DETAIL" ADD CHECK ("PAPER_DETAIL_ID" IS NOT NULL);
ALTER TABLE "RUICAI"."EXAMINATION_ANSWER_DETAIL" ADD CHECK ("ANSWER_CONTENT" IS NOT NULL);
ALTER TABLE "RUICAI"."EXAMINATION_ANSWER_DETAIL" ADD CHECK ("ANSWER_DETAIL_SCORE" IS NOT NULL);
ALTER TABLE "RUICAI"."EXAMINATION_ANSWER_DETAIL" ADD CHECK ("ID" IS NOT NULL);
ALTER TABLE "RUICAI"."EXAMINATION_ANSWER_DETAIL" ADD CHECK ("ANSWER_ID" IS NOT NULL);
ALTER TABLE "RUICAI"."EXAMINATION_ANSWER_DETAIL" ADD CHECK ("PAPER_DETAIL_ID" IS NOT NULL);
ALTER TABLE "RUICAI"."EXAMINATION_ANSWER_DETAIL" ADD CHECK ("ANSWER_CONTENT" IS NOT NULL);
ALTER TABLE "RUICAI"."EXAMINATION_ANSWER_DETAIL" ADD CHECK ("ANSWER_DETAIL_SCORE" IS NOT NULL);

-- ----------------------------
-- Primary Key structure for table EXAMINATION_ANSWER_DETAIL
-- ----------------------------
ALTER TABLE "RUICAI"."EXAMINATION_ANSWER_DETAIL" ADD PRIMARY KEY ("ID");

-- ----------------------------
-- Indexes structure for table EXAMINATION_ARRANGEMENT
-- ----------------------------

-- ----------------------------
-- Checks structure for table EXAMINATION_ARRANGEMENT
-- ----------------------------
ALTER TABLE "RUICAI"."EXAMINATION_ARRANGEMENT" ADD CHECK ("ID" IS NOT NULL);
ALTER TABLE "RUICAI"."EXAMINATION_ARRANGEMENT" ADD CHECK ("CLASS_ID" IS NOT NULL);
ALTER TABLE "RUICAI"."EXAMINATION_ARRANGEMENT" ADD CHECK ("TEACHER_ID" IS NOT NULL);
ALTER TABLE "RUICAI"."EXAMINATION_ARRANGEMENT" ADD CHECK ("PAPER_ID" IS NOT NULL);
ALTER TABLE "RUICAI"."EXAMINATION_ARRANGEMENT" ADD CHECK ("EXAMINATION_STAGE" IS NOT NULL);
ALTER TABLE "RUICAI"."EXAMINATION_ARRANGEMENT" ADD CHECK ("EXAMINATION_TIME" IS NOT NULL);
ALTER TABLE "RUICAI"."EXAMINATION_ARRANGEMENT" ADD CHECK ("EXAMINATION_ADDRESS" IS NOT NULL);
ALTER TABLE "RUICAI"."EXAMINATION_ARRANGEMENT" ADD CHECK ("ID" IS NOT NULL);
ALTER TABLE "RUICAI"."EXAMINATION_ARRANGEMENT" ADD CHECK ("CLASS_ID" IS NOT NULL);
ALTER TABLE "RUICAI"."EXAMINATION_ARRANGEMENT" ADD CHECK ("TEACHER_ID" IS NOT NULL);
ALTER TABLE "RUICAI"."EXAMINATION_ARRANGEMENT" ADD CHECK ("PAPER_ID" IS NOT NULL);
ALTER TABLE "RUICAI"."EXAMINATION_ARRANGEMENT" ADD CHECK ("EXAMINATION_STAGE" IS NOT NULL);
ALTER TABLE "RUICAI"."EXAMINATION_ARRANGEMENT" ADD CHECK ("EXAMINATION_TIME" IS NOT NULL);
ALTER TABLE "RUICAI"."EXAMINATION_ARRANGEMENT" ADD CHECK ("EXAMINATION_ADDRESS" IS NOT NULL);
ALTER TABLE "RUICAI"."EXAMINATION_ARRANGEMENT" ADD CHECK ("ID" IS NOT NULL);
ALTER TABLE "RUICAI"."EXAMINATION_ARRANGEMENT" ADD CHECK ("CLASS_ID" IS NOT NULL);
ALTER TABLE "RUICAI"."EXAMINATION_ARRANGEMENT" ADD CHECK ("TEACHER_ID" IS NOT NULL);
ALTER TABLE "RUICAI"."EXAMINATION_ARRANGEMENT" ADD CHECK ("PAPER_ID" IS NOT NULL);
ALTER TABLE "RUICAI"."EXAMINATION_ARRANGEMENT" ADD CHECK ("EXAMINATION_STAGE" IS NOT NULL);
ALTER TABLE "RUICAI"."EXAMINATION_ARRANGEMENT" ADD CHECK ("EXAMINATION_TIME" IS NOT NULL);
ALTER TABLE "RUICAI"."EXAMINATION_ARRANGEMENT" ADD CHECK ("EXAMINATION_ADDRESS" IS NOT NULL);

-- ----------------------------
-- Primary Key structure for table EXAMINATION_ARRANGEMENT
-- ----------------------------
ALTER TABLE "RUICAI"."EXAMINATION_ARRANGEMENT" ADD PRIMARY KEY ("ID");

-- ----------------------------
-- Indexes structure for table EXAMINATION_PAPER
-- ----------------------------

-- ----------------------------
-- Checks structure for table EXAMINATION_PAPER
-- ----------------------------
ALTER TABLE "RUICAI"."EXAMINATION_PAPER" ADD CHECK ("ID" IS NOT NULL);
ALTER TABLE "RUICAI"."EXAMINATION_PAPER" ADD CHECK ("PAPER_STAGE" IS NOT NULL);
ALTER TABLE "RUICAI"."EXAMINATION_PAPER" ADD CHECK ("PAPER_SUBJECT" IS NOT NULL);
ALTER TABLE "RUICAI"."EXAMINATION_PAPER" ADD CHECK ("PAPER_STATUS" IS NOT NULL);
ALTER TABLE "RUICAI"."EXAMINATION_PAPER" ADD CHECK ("PAPER_AUTHOR" IS NOT NULL);
ALTER TABLE "RUICAI"."EXAMINATION_PAPER" ADD CHECK ("PAPER_TITLE" IS NOT NULL);
ALTER TABLE "RUICAI"."EXAMINATION_PAPER" ADD CHECK ("ID" IS NOT NULL);
ALTER TABLE "RUICAI"."EXAMINATION_PAPER" ADD CHECK ("PAPER_STAGE" IS NOT NULL);
ALTER TABLE "RUICAI"."EXAMINATION_PAPER" ADD CHECK ("PAPER_SUBJECT" IS NOT NULL);
ALTER TABLE "RUICAI"."EXAMINATION_PAPER" ADD CHECK ("PAPER_STATUS" IS NOT NULL);
ALTER TABLE "RUICAI"."EXAMINATION_PAPER" ADD CHECK ("PAPER_AUTHOR" IS NOT NULL);
ALTER TABLE "RUICAI"."EXAMINATION_PAPER" ADD CHECK ("PAPER_TITLE" IS NOT NULL);
ALTER TABLE "RUICAI"."EXAMINATION_PAPER" ADD CHECK ("ID" IS NOT NULL);
ALTER TABLE "RUICAI"."EXAMINATION_PAPER" ADD CHECK ("PAPER_STAGE" IS NOT NULL);
ALTER TABLE "RUICAI"."EXAMINATION_PAPER" ADD CHECK ("PAPER_SUBJECT" IS NOT NULL);
ALTER TABLE "RUICAI"."EXAMINATION_PAPER" ADD CHECK ("PAPER_STATUS" IS NOT NULL);
ALTER TABLE "RUICAI"."EXAMINATION_PAPER" ADD CHECK ("PAPER_AUTHOR" IS NOT NULL);
ALTER TABLE "RUICAI"."EXAMINATION_PAPER" ADD CHECK ("PAPER_TITLE" IS NOT NULL);

-- ----------------------------
-- Primary Key structure for table EXAMINATION_PAPER
-- ----------------------------
ALTER TABLE "RUICAI"."EXAMINATION_PAPER" ADD PRIMARY KEY ("ID");

-- ----------------------------
-- Indexes structure for table EXAMINATION_PAPER_DETAIL
-- ----------------------------

-- ----------------------------
-- Checks structure for table EXAMINATION_PAPER_DETAIL
-- ----------------------------
ALTER TABLE "RUICAI"."EXAMINATION_PAPER_DETAIL" ADD CHECK ("ID" IS NOT NULL);
ALTER TABLE "RUICAI"."EXAMINATION_PAPER_DETAIL" ADD CHECK ("PAPER_ID" IS NOT NULL);
ALTER TABLE "RUICAI"."EXAMINATION_PAPER_DETAIL" ADD CHECK ("QUESTION_ID" IS NOT NULL);
ALTER TABLE "RUICAI"."EXAMINATION_PAPER_DETAIL" ADD CHECK ("ID" IS NOT NULL);
ALTER TABLE "RUICAI"."EXAMINATION_PAPER_DETAIL" ADD CHECK ("PAPER_ID" IS NOT NULL);
ALTER TABLE "RUICAI"."EXAMINATION_PAPER_DETAIL" ADD CHECK ("QUESTION_ID" IS NOT NULL);
ALTER TABLE "RUICAI"."EXAMINATION_PAPER_DETAIL" ADD CHECK ("ID" IS NOT NULL);
ALTER TABLE "RUICAI"."EXAMINATION_PAPER_DETAIL" ADD CHECK ("PAPER_ID" IS NOT NULL);
ALTER TABLE "RUICAI"."EXAMINATION_PAPER_DETAIL" ADD CHECK ("QUESTION_ID" IS NOT NULL);

-- ----------------------------
-- Primary Key structure for table EXAMINATION_PAPER_DETAIL
-- ----------------------------
ALTER TABLE "RUICAI"."EXAMINATION_PAPER_DETAIL" ADD PRIMARY KEY ("ID");

-- ----------------------------
-- Indexes structure for table EXAMINATION_QUESTION
-- ----------------------------

-- ----------------------------
-- Checks structure for table EXAMINATION_QUESTION
-- ----------------------------
ALTER TABLE "RUICAI"."EXAMINATION_QUESTION" ADD CHECK ("ID" IS NOT NULL);
ALTER TABLE "RUICAI"."EXAMINATION_QUESTION" ADD CHECK ("QUESTION_SUBJECT" IS NOT NULL);
ALTER TABLE "RUICAI"."EXAMINATION_QUESTION" ADD CHECK ("QUESTION_TYPE" IS NOT NULL);
ALTER TABLE "RUICAI"."EXAMINATION_QUESTION" ADD CHECK ("QUESTION_SCORE" IS NOT NULL);
ALTER TABLE "RUICAI"."EXAMINATION_QUESTION" ADD CHECK ("QUESTION_ANSWER" IS NOT NULL);
ALTER TABLE "RUICAI"."EXAMINATION_QUESTION" ADD CHECK ("QUESTION_SELECTIONS" IS NOT NULL);
ALTER TABLE "RUICAI"."EXAMINATION_QUESTION" ADD CHECK ("ID" IS NOT NULL);
ALTER TABLE "RUICAI"."EXAMINATION_QUESTION" ADD CHECK ("QUESTION_SUBJECT" IS NOT NULL);
ALTER TABLE "RUICAI"."EXAMINATION_QUESTION" ADD CHECK ("QUESTION_TYPE" IS NOT NULL);
ALTER TABLE "RUICAI"."EXAMINATION_QUESTION" ADD CHECK ("QUESTION_SCORE" IS NOT NULL);
ALTER TABLE "RUICAI"."EXAMINATION_QUESTION" ADD CHECK ("QUESTION_ANSWER" IS NOT NULL);
ALTER TABLE "RUICAI"."EXAMINATION_QUESTION" ADD CHECK ("QUESTION_SELECTIONS" IS NOT NULL);
ALTER TABLE "RUICAI"."EXAMINATION_QUESTION" ADD CHECK ("ID" IS NOT NULL);
ALTER TABLE "RUICAI"."EXAMINATION_QUESTION" ADD CHECK ("QUESTION_SUBJECT" IS NOT NULL);
ALTER TABLE "RUICAI"."EXAMINATION_QUESTION" ADD CHECK ("QUESTION_TYPE" IS NOT NULL);
ALTER TABLE "RUICAI"."EXAMINATION_QUESTION" ADD CHECK ("QUESTION_SCORE" IS NOT NULL);
ALTER TABLE "RUICAI"."EXAMINATION_QUESTION" ADD CHECK ("QUESTION_ANSWER" IS NOT NULL);
ALTER TABLE "RUICAI"."EXAMINATION_QUESTION" ADD CHECK ("QUESTION_SELECTIONS" IS NOT NULL);

-- ----------------------------
-- Primary Key structure for table EXAMINATION_QUESTION
-- ----------------------------
ALTER TABLE "RUICAI"."EXAMINATION_QUESTION" ADD PRIMARY KEY ("ID");

-- ----------------------------
-- Indexes structure for table ROLE_TO_RESOURCE
-- ----------------------------

-- ----------------------------
-- Checks structure for table ROLE_TO_RESOURCE
-- ----------------------------
ALTER TABLE "RUICAI"."ROLE_TO_RESOURCE" ADD CHECK ("ROLE_ID" IS NOT NULL);
ALTER TABLE "RUICAI"."ROLE_TO_RESOURCE" ADD CHECK ("RES_ID" IS NOT NULL);
ALTER TABLE "RUICAI"."ROLE_TO_RESOURCE" ADD CHECK ("ROLE_ID" IS NOT NULL);
ALTER TABLE "RUICAI"."ROLE_TO_RESOURCE" ADD CHECK ("RES_ID" IS NOT NULL);
ALTER TABLE "RUICAI"."ROLE_TO_RESOURCE" ADD CHECK ("ROLE_ID" IS NOT NULL);
ALTER TABLE "RUICAI"."ROLE_TO_RESOURCE" ADD CHECK ("RES_ID" IS NOT NULL);

-- ----------------------------
-- Primary Key structure for table ROLE_TO_RESOURCE
-- ----------------------------
ALTER TABLE "RUICAI"."ROLE_TO_RESOURCE" ADD PRIMARY KEY ("ROLE_ID", "RES_ID");

-- ----------------------------
-- Indexes structure for table SYSTEM_DICTIONARY
-- ----------------------------

-- ----------------------------
-- Checks structure for table SYSTEM_DICTIONARY
-- ----------------------------
ALTER TABLE "RUICAI"."SYSTEM_DICTIONARY" ADD CHECK ("ID" IS NOT NULL);
ALTER TABLE "RUICAI"."SYSTEM_DICTIONARY" ADD CHECK ("DICTIONARY_TYPE_ID" IS NOT NULL);
ALTER TABLE "RUICAI"."SYSTEM_DICTIONARY" ADD CHECK ("DICTIONARY_NAME" IS NOT NULL);
ALTER TABLE "RUICAI"."SYSTEM_DICTIONARY" ADD CHECK ("DICTIONARY_VALUE" IS NOT NULL);
ALTER TABLE "RUICAI"."SYSTEM_DICTIONARY" ADD CHECK ("DICTIONARY_SORT_NUMBER" IS NOT NULL);
ALTER TABLE "RUICAI"."SYSTEM_DICTIONARY" ADD CHECK ("ID" IS NOT NULL);
ALTER TABLE "RUICAI"."SYSTEM_DICTIONARY" ADD CHECK ("DICTIONARY_TYPE_ID" IS NOT NULL);
ALTER TABLE "RUICAI"."SYSTEM_DICTIONARY" ADD CHECK ("DICTIONARY_NAME" IS NOT NULL);
ALTER TABLE "RUICAI"."SYSTEM_DICTIONARY" ADD CHECK ("DICTIONARY_VALUE" IS NOT NULL);
ALTER TABLE "RUICAI"."SYSTEM_DICTIONARY" ADD CHECK ("DICTIONARY_SORT_NUMBER" IS NOT NULL);
ALTER TABLE "RUICAI"."SYSTEM_DICTIONARY" ADD CHECK ("ID" IS NOT NULL);
ALTER TABLE "RUICAI"."SYSTEM_DICTIONARY" ADD CHECK ("DICTIONARY_NAME" IS NOT NULL);
ALTER TABLE "RUICAI"."SYSTEM_DICTIONARY" ADD CHECK ("DICTIONARY_VALUE" IS NOT NULL);
ALTER TABLE "RUICAI"."SYSTEM_DICTIONARY" ADD CHECK ("DICTIONARY_SORT_NUMBER" IS NOT NULL);
ALTER TABLE "RUICAI"."SYSTEM_DICTIONARY" ADD CHECK ("DICTIONARY_TYPE_ID" IS NOT NULL);

-- ----------------------------
-- Primary Key structure for table SYSTEM_DICTIONARY
-- ----------------------------
ALTER TABLE "RUICAI"."SYSTEM_DICTIONARY" ADD PRIMARY KEY ("ID");

-- ----------------------------
-- Indexes structure for table SYSTEM_DICTIONARY_TYPE
-- ----------------------------

-- ----------------------------
-- Checks structure for table SYSTEM_DICTIONARY_TYPE
-- ----------------------------
ALTER TABLE "RUICAI"."SYSTEM_DICTIONARY_TYPE" ADD CHECK ("ID" IS NOT NULL);
ALTER TABLE "RUICAI"."SYSTEM_DICTIONARY_TYPE" ADD CHECK ("DICTIONARY_TYPE_NAME" IS NOT NULL);
ALTER TABLE "RUICAI"."SYSTEM_DICTIONARY_TYPE" ADD CHECK ("DICTIONARY_TYPE_SORT_NUMBER" IS NOT NULL);
ALTER TABLE "RUICAI"."SYSTEM_DICTIONARY_TYPE" ADD CHECK ("ID" IS NOT NULL);
ALTER TABLE "RUICAI"."SYSTEM_DICTIONARY_TYPE" ADD CHECK ("DICTIONARY_TYPE_NAME" IS NOT NULL);
ALTER TABLE "RUICAI"."SYSTEM_DICTIONARY_TYPE" ADD CHECK ("DICTIONARY_TYPE_SORT_NUMBER" IS NOT NULL);
ALTER TABLE "RUICAI"."SYSTEM_DICTIONARY_TYPE" ADD CHECK ("ID" IS NOT NULL);
ALTER TABLE "RUICAI"."SYSTEM_DICTIONARY_TYPE" ADD CHECK ("DICTIONARY_TYPE_NAME" IS NOT NULL);
ALTER TABLE "RUICAI"."SYSTEM_DICTIONARY_TYPE" ADD CHECK ("DICTIONARY_TYPE_SORT_NUMBER" IS NOT NULL);

-- ----------------------------
-- Primary Key structure for table SYSTEM_DICTIONARY_TYPE
-- ----------------------------
ALTER TABLE "RUICAI"."SYSTEM_DICTIONARY_TYPE" ADD PRIMARY KEY ("ID");

-- ----------------------------
-- Indexes structure for table SYSTEM_RESOURCE
-- ----------------------------

-- ----------------------------
-- Checks structure for table SYSTEM_RESOURCE
-- ----------------------------
ALTER TABLE "RUICAI"."SYSTEM_RESOURCE" ADD CHECK ("ID" IS NOT NULL);
ALTER TABLE "RUICAI"."SYSTEM_RESOURCE" ADD CHECK ("RESOURCE_TYPE" IS NOT NULL);
ALTER TABLE "RUICAI"."SYSTEM_RESOURCE" ADD CHECK ("RESOURCE_NAME" IS NOT NULL);
ALTER TABLE "RUICAI"."SYSTEM_RESOURCE" ADD CHECK ("RESOURCE_VALUE" IS NOT NULL);
ALTER TABLE "RUICAI"."SYSTEM_RESOURCE" ADD CHECK ("RESOURCE_DESCRIBE" IS NOT NULL);
ALTER TABLE "RUICAI"."SYSTEM_RESOURCE" ADD CHECK ("RESOURCE_VISIBLE" IS NOT NULL);
ALTER TABLE "RUICAI"."SYSTEM_RESOURCE" ADD CHECK ("RESOURCE_ENABLE" IS NOT NULL);
ALTER TABLE "RUICAI"."SYSTEM_RESOURCE" ADD CHECK ("ID" IS NOT NULL);
ALTER TABLE "RUICAI"."SYSTEM_RESOURCE" ADD CHECK ("RESOURCE_TYPE" IS NOT NULL);
ALTER TABLE "RUICAI"."SYSTEM_RESOURCE" ADD CHECK ("RESOURCE_NAME" IS NOT NULL);
ALTER TABLE "RUICAI"."SYSTEM_RESOURCE" ADD CHECK ("RESOURCE_VALUE" IS NOT NULL);
ALTER TABLE "RUICAI"."SYSTEM_RESOURCE" ADD CHECK ("ID" IS NOT NULL);
ALTER TABLE "RUICAI"."SYSTEM_RESOURCE" ADD CHECK ("RESOURCE_TYPE" IS NOT NULL);
ALTER TABLE "RUICAI"."SYSTEM_RESOURCE" ADD CHECK ("RESOURCE_NAME" IS NOT NULL);
ALTER TABLE "RUICAI"."SYSTEM_RESOURCE" ADD CHECK ("RESOURCE_VALUE" IS NOT NULL);
ALTER TABLE "RUICAI"."SYSTEM_RESOURCE" ADD CHECK ("RESOURCE_DESCRIBE" IS NOT NULL);
ALTER TABLE "RUICAI"."SYSTEM_RESOURCE" ADD CHECK ("RESOURCE_VISIBLE" IS NOT NULL);
ALTER TABLE "RUICAI"."SYSTEM_RESOURCE" ADD CHECK ("RESOURCE_ENABLE" IS NOT NULL);

-- ----------------------------
-- Primary Key structure for table SYSTEM_RESOURCE
-- ----------------------------
ALTER TABLE "RUICAI"."SYSTEM_RESOURCE" ADD PRIMARY KEY ("ID");

-- ----------------------------
-- Indexes structure for table SYSTEM_ROLE
-- ----------------------------

-- ----------------------------
-- Checks structure for table SYSTEM_ROLE
-- ----------------------------
ALTER TABLE "RUICAI"."SYSTEM_ROLE" ADD CHECK ("ID" IS NOT NULL);
ALTER TABLE "RUICAI"."SYSTEM_ROLE" ADD CHECK ("ROLE_CODE" IS NOT NULL);
ALTER TABLE "RUICAI"."SYSTEM_ROLE" ADD CHECK ("ROLE_NAME" IS NOT NULL);
ALTER TABLE "RUICAI"."SYSTEM_ROLE" ADD CHECK ("ROLE_INHERIT" IS NOT NULL);
ALTER TABLE "RUICAI"."SYSTEM_ROLE" ADD CHECK ("ID" IS NOT NULL);
ALTER TABLE "RUICAI"."SYSTEM_ROLE" ADD CHECK ("ROLE_CODE" IS NOT NULL);
ALTER TABLE "RUICAI"."SYSTEM_ROLE" ADD CHECK ("ROLE_NAME" IS NOT NULL);
ALTER TABLE "RUICAI"."SYSTEM_ROLE" ADD CHECK ("ROLE_INHERIT" IS NOT NULL);
ALTER TABLE "RUICAI"."SYSTEM_ROLE" ADD CHECK ("ID" IS NOT NULL);
ALTER TABLE "RUICAI"."SYSTEM_ROLE" ADD CHECK ("ROLE_CODE" IS NOT NULL);
ALTER TABLE "RUICAI"."SYSTEM_ROLE" ADD CHECK ("ROLE_NAME" IS NOT NULL);
ALTER TABLE "RUICAI"."SYSTEM_ROLE" ADD CHECK ("ROLE_INHERIT" IS NOT NULL);

-- ----------------------------
-- Primary Key structure for table SYSTEM_ROLE
-- ----------------------------
ALTER TABLE "RUICAI"."SYSTEM_ROLE" ADD PRIMARY KEY ("ID");

-- ----------------------------
-- Indexes structure for table SYSTEM_USER
-- ----------------------------

-- ----------------------------
-- Checks structure for table SYSTEM_USER
-- ----------------------------
ALTER TABLE "RUICAI"."SYSTEM_USER" ADD CHECK ("ID" IS NOT NULL);
ALTER TABLE "RUICAI"."SYSTEM_USER" ADD CHECK ("USER_STATUS" IS NOT NULL);
ALTER TABLE "RUICAI"."SYSTEM_USER" ADD CHECK ("USER_TYPE" IS NOT NULL);
ALTER TABLE "RUICAI"."SYSTEM_USER" ADD CHECK ("USER_NAME" IS NOT NULL);
ALTER TABLE "RUICAI"."SYSTEM_USER" ADD CHECK ("USER_PWD" IS NOT NULL);
ALTER TABLE "RUICAI"."SYSTEM_USER" ADD CHECK ("ID" IS NOT NULL);
ALTER TABLE "RUICAI"."SYSTEM_USER" ADD CHECK ("USER_STATUS" IS NOT NULL);
ALTER TABLE "RUICAI"."SYSTEM_USER" ADD CHECK ("USER_TYPE" IS NOT NULL);
ALTER TABLE "RUICAI"."SYSTEM_USER" ADD CHECK ("USER_NAME" IS NOT NULL);
ALTER TABLE "RUICAI"."SYSTEM_USER" ADD CHECK ("USER_PWD" IS NOT NULL);
ALTER TABLE "RUICAI"."SYSTEM_USER" ADD CHECK ("ID" IS NOT NULL);
ALTER TABLE "RUICAI"."SYSTEM_USER" ADD CHECK ("USER_STATUS" IS NOT NULL);
ALTER TABLE "RUICAI"."SYSTEM_USER" ADD CHECK ("USER_TYPE" IS NOT NULL);
ALTER TABLE "RUICAI"."SYSTEM_USER" ADD CHECK ("USER_NAME" IS NOT NULL);
ALTER TABLE "RUICAI"."SYSTEM_USER" ADD CHECK ("USER_PWD" IS NOT NULL);

-- ----------------------------
-- Primary Key structure for table SYSTEM_USER
-- ----------------------------
ALTER TABLE "RUICAI"."SYSTEM_USER" ADD PRIMARY KEY ("ID");

-- ----------------------------
-- Indexes structure for table USER_TO_ROLE
-- ----------------------------

-- ----------------------------
-- Checks structure for table USER_TO_ROLE
-- ----------------------------
ALTER TABLE "RUICAI"."USER_TO_ROLE" ADD CHECK ("USER_ID" IS NOT NULL);
ALTER TABLE "RUICAI"."USER_TO_ROLE" ADD CHECK ("ROLE_ID" IS NOT NULL);
ALTER TABLE "RUICAI"."USER_TO_ROLE" ADD CHECK ("USER_ID" IS NOT NULL);
ALTER TABLE "RUICAI"."USER_TO_ROLE" ADD CHECK ("ROLE_ID" IS NOT NULL);
ALTER TABLE "RUICAI"."USER_TO_ROLE" ADD CHECK ("USER_ID" IS NOT NULL);
ALTER TABLE "RUICAI"."USER_TO_ROLE" ADD CHECK ("ROLE_ID" IS NOT NULL);

-- ----------------------------
-- Primary Key structure for table USER_TO_ROLE
-- ----------------------------
ALTER TABLE "RUICAI"."USER_TO_ROLE" ADD PRIMARY KEY ("USER_ID", "ROLE_ID");

-- ----------------------------
-- Foreign Key structure for table "RUICAI"."EDUCATION_ATTENDANCE"
-- ----------------------------
ALTER TABLE "RUICAI"."EDUCATION_ATTENDANCE" ADD FOREIGN KEY ("ATTENDANCE_STATUS") REFERENCES "RUICAI"."SYSTEM_DICTIONARY" ("ID") ON DELETE CASCADE;
ALTER TABLE "RUICAI"."EDUCATION_ATTENDANCE" ADD FOREIGN KEY ("STUDENT_ID") REFERENCES "RUICAI"."EDUCATION_STUDENT" ("ID") ON DELETE CASCADE;

-- ----------------------------
-- Foreign Key structure for table "RUICAI"."EDUCATION_CLASS"
-- ----------------------------
ALTER TABLE "RUICAI"."EDUCATION_CLASS" ADD FOREIGN KEY ("ASSISTANT_ID") REFERENCES "RUICAI"."EDUCATION_TEACHER" ("ID") ON DELETE CASCADE DISABLE;
ALTER TABLE "RUICAI"."EDUCATION_CLASS" ADD FOREIGN KEY ("HEAD_TEACHER_ID") REFERENCES "RUICAI"."EDUCATION_TEACHER" ("ID") ON DELETE CASCADE DISABLE;
ALTER TABLE "RUICAI"."EDUCATION_CLASS" ADD FOREIGN KEY ("MAIN_TEACHER_ID") REFERENCES "RUICAI"."EDUCATION_TEACHER" ("ID") ON DELETE CASCADE DISABLE;
ALTER TABLE "RUICAI"."EDUCATION_CLASS" ADD FOREIGN KEY ("CLASS_TYPE") REFERENCES "RUICAI"."SYSTEM_DICTIONARY" ("ID") ON DELETE CASCADE DISABLE;

-- ----------------------------
-- Foreign Key structure for table "RUICAI"."EDUCATION_STUDENT"
-- ----------------------------
ALTER TABLE "RUICAI"."EDUCATION_STUDENT" ADD FOREIGN KEY ("CLASS_ID") REFERENCES "RUICAI"."EDUCATION_CLASS" ("ID") ON DELETE CASCADE;
ALTER TABLE "RUICAI"."EDUCATION_STUDENT" ADD FOREIGN KEY ("STUDENT_EDUCATION") REFERENCES "RUICAI"."SYSTEM_DICTIONARY" ("ID") ON DELETE CASCADE;
ALTER TABLE "RUICAI"."EDUCATION_STUDENT" ADD FOREIGN KEY ("STUDENT_SEX") REFERENCES "RUICAI"."SYSTEM_DICTIONARY" ("ID") ON DELETE CASCADE;
ALTER TABLE "RUICAI"."EDUCATION_STUDENT" ADD FOREIGN KEY ("USER_ID") REFERENCES "RUICAI"."SYSTEM_USER" ("ID") ON DELETE CASCADE;

-- ----------------------------
-- Foreign Key structure for table "RUICAI"."EDUCATION_TEACHER"
-- ----------------------------
ALTER TABLE "RUICAI"."EDUCATION_TEACHER" ADD FOREIGN KEY ("TEACHER_SEX") REFERENCES "RUICAI"."SYSTEM_DICTIONARY" ("ID") ON DELETE CASCADE DISABLE;
ALTER TABLE "RUICAI"."EDUCATION_TEACHER" ADD FOREIGN KEY ("TEACHER_SPECIALITY") REFERENCES "RUICAI"."SYSTEM_DICTIONARY" ("ID") ON DELETE CASCADE DISABLE;
ALTER TABLE "RUICAI"."EDUCATION_TEACHER" ADD FOREIGN KEY ("TEACHER_TYPE") REFERENCES "RUICAI"."SYSTEM_DICTIONARY" ("ID") ON DELETE CASCADE DISABLE;
ALTER TABLE "RUICAI"."EDUCATION_TEACHER" ADD FOREIGN KEY ("USER_ID") REFERENCES "RUICAI"."SYSTEM_USER" ("ID") ON DELETE CASCADE DISABLE;

-- ----------------------------
-- Foreign Key structure for table "RUICAI"."EDUCATION_WORK"
-- ----------------------------
ALTER TABLE "RUICAI"."EDUCATION_WORK" ADD FOREIGN KEY ("TEACHER_ID") REFERENCES "RUICAI"."EDUCATION_TEACHER" ("ID") ON DELETE CASCADE;
ALTER TABLE "RUICAI"."EDUCATION_WORK" ADD FOREIGN KEY ("WORK_TYPE") REFERENCES "RUICAI"."SYSTEM_DICTIONARY" ("ID") ON DELETE CASCADE;

-- ----------------------------
-- Foreign Key structure for table "RUICAI"."EVALUATION"
-- ----------------------------
ALTER TABLE "RUICAI"."EVALUATION" ADD FOREIGN KEY ("STUDENT_ID") REFERENCES "RUICAI"."EDUCATION_STUDENT" ("ID") ON DELETE CASCADE;
ALTER TABLE "RUICAI"."EVALUATION" ADD FOREIGN KEY ("TEACHER_ID") REFERENCES "RUICAI"."EDUCATION_TEACHER" ("ID") ON DELETE CASCADE;

-- ----------------------------
-- Foreign Key structure for table "RUICAI"."EVALUATION_DETAIL"
-- ----------------------------
ALTER TABLE "RUICAI"."EVALUATION_DETAIL" ADD FOREIGN KEY ("EVALUATION_ID") REFERENCES "RUICAI"."EVALUATION" ("ID") ON DELETE CASCADE;
ALTER TABLE "RUICAI"."EVALUATION_DETAIL" ADD FOREIGN KEY ("ITEM_ID") REFERENCES "RUICAI"."EVALUATION_ITEM" ("ID") ON DELETE CASCADE;

-- ----------------------------
-- Foreign Key structure for table "RUICAI"."EVALUATION_ITEM"
-- ----------------------------
ALTER TABLE "RUICAI"."EVALUATION_ITEM" ADD FOREIGN KEY ("ITEM_TYPE") REFERENCES "RUICAI"."SYSTEM_DICTIONARY" ("ID") ON DELETE CASCADE;

-- ----------------------------
-- Foreign Key structure for table "RUICAI"."EVALUATION_MESSAGE"
-- ----------------------------
ALTER TABLE "RUICAI"."EVALUATION_MESSAGE" ADD FOREIGN KEY ("MESSAGE_FROM") REFERENCES "RUICAI"."SYSTEM_USER" ("ID") ON DELETE CASCADE;
ALTER TABLE "RUICAI"."EVALUATION_MESSAGE" ADD FOREIGN KEY ("MESSAGE_STATUS") REFERENCES "RUICAI"."SYSTEM_DICTIONARY" ("ID") ON DELETE CASCADE;
ALTER TABLE "RUICAI"."EVALUATION_MESSAGE" ADD FOREIGN KEY ("MESSAGE_TO") REFERENCES "RUICAI"."SYSTEM_USER" ("ID") ON DELETE CASCADE;

-- ----------------------------
-- Foreign Key structure for table "RUICAI"."EXAMINATION_ANSWER"
-- ----------------------------
ALTER TABLE "RUICAI"."EXAMINATION_ANSWER" ADD FOREIGN KEY ("STUDENT_ID") REFERENCES "RUICAI"."EDUCATION_STUDENT" ("ID") ON DELETE CASCADE;

-- ----------------------------
-- Foreign Key structure for table "RUICAI"."EXAMINATION_ANSWER_DETAIL"
-- ----------------------------
ALTER TABLE "RUICAI"."EXAMINATION_ANSWER_DETAIL" ADD FOREIGN KEY ("ANSWER_ID") REFERENCES "RUICAI"."EXAMINATION_ANSWER" ("ID") ON DELETE CASCADE;
ALTER TABLE "RUICAI"."EXAMINATION_ANSWER_DETAIL" ADD FOREIGN KEY ("PAPER_DETAIL_ID") REFERENCES "RUICAI"."EXAMINATION_PAPER_DETAIL" ("ID") ON DELETE CASCADE;

-- ----------------------------
-- Foreign Key structure for table "RUICAI"."EXAMINATION_ARRANGEMENT"
-- ----------------------------
ALTER TABLE "RUICAI"."EXAMINATION_ARRANGEMENT" ADD FOREIGN KEY ("CLASS_ID") REFERENCES "RUICAI"."EDUCATION_CLASS" ("ID") ON DELETE CASCADE DISABLE;
ALTER TABLE "RUICAI"."EXAMINATION_ARRANGEMENT" ADD FOREIGN KEY ("EXAMINATION_STAGE") REFERENCES "RUICAI"."SYSTEM_DICTIONARY" ("ID") ON DELETE CASCADE DISABLE;
ALTER TABLE "RUICAI"."EXAMINATION_ARRANGEMENT" ADD FOREIGN KEY ("TEACHER_ID") REFERENCES "RUICAI"."EDUCATION_TEACHER" ("ID") ON DELETE CASCADE DISABLE;

-- ----------------------------
-- Foreign Key structure for table "RUICAI"."EXAMINATION_PAPER"
-- ----------------------------
ALTER TABLE "RUICAI"."EXAMINATION_PAPER" ADD FOREIGN KEY ("PAPER_AUTHOR") REFERENCES "RUICAI"."EDUCATION_TEACHER" ("ID") ON DELETE CASCADE;
ALTER TABLE "RUICAI"."EXAMINATION_PAPER" ADD FOREIGN KEY ("PAPER_STAGE") REFERENCES "RUICAI"."SYSTEM_DICTIONARY" ("ID") ON DELETE CASCADE;
ALTER TABLE "RUICAI"."EXAMINATION_PAPER" ADD FOREIGN KEY ("PAPER_STATUS") REFERENCES "RUICAI"."SYSTEM_DICTIONARY" ("ID") ON DELETE CASCADE;
ALTER TABLE "RUICAI"."EXAMINATION_PAPER" ADD FOREIGN KEY ("PAPER_SUBJECT") REFERENCES "RUICAI"."SYSTEM_DICTIONARY" ("ID") ON DELETE CASCADE;

-- ----------------------------
-- Foreign Key structure for table "RUICAI"."EXAMINATION_PAPER_DETAIL"
-- ----------------------------
ALTER TABLE "RUICAI"."EXAMINATION_PAPER_DETAIL" ADD FOREIGN KEY ("PAPER_ID") REFERENCES "RUICAI"."EXAMINATION_PAPER" ("ID") ON DELETE CASCADE;
ALTER TABLE "RUICAI"."EXAMINATION_PAPER_DETAIL" ADD FOREIGN KEY ("QUESTION_ID") REFERENCES "RUICAI"."EXAMINATION_QUESTION" ("ID") ON DELETE CASCADE;

-- ----------------------------
-- Foreign Key structure for table "RUICAI"."EXAMINATION_QUESTION"
-- ----------------------------
ALTER TABLE "RUICAI"."EXAMINATION_QUESTION" ADD FOREIGN KEY ("QUESTION_SUBJECT") REFERENCES "RUICAI"."SYSTEM_DICTIONARY" ("ID") ON DELETE CASCADE;
ALTER TABLE "RUICAI"."EXAMINATION_QUESTION" ADD FOREIGN KEY ("QUESTION_TYPE") REFERENCES "RUICAI"."SYSTEM_DICTIONARY" ("ID") ON DELETE CASCADE;

-- ----------------------------
-- Foreign Key structure for table "RUICAI"."ROLE_TO_RESOURCE"
-- ----------------------------
ALTER TABLE "RUICAI"."ROLE_TO_RESOURCE" ADD FOREIGN KEY ("RES_ID") REFERENCES "RUICAI"."SYSTEM_RESOURCE" ("ID") ON DELETE CASCADE;
ALTER TABLE "RUICAI"."ROLE_TO_RESOURCE" ADD FOREIGN KEY ("ROLE_ID") REFERENCES "RUICAI"."SYSTEM_ROLE" ("ID") ON DELETE CASCADE;

-- ----------------------------
-- Foreign Key structure for table "RUICAI"."SYSTEM_DICTIONARY"
-- ----------------------------
ALTER TABLE "RUICAI"."SYSTEM_DICTIONARY" ADD FOREIGN KEY ("DICTIONARY_TYPE_ID") REFERENCES "RUICAI"."SYSTEM_DICTIONARY_TYPE" ("ID") ON DELETE CASCADE;

-- ----------------------------
-- Foreign Key structure for table "RUICAI"."SYSTEM_DICTIONARY_TYPE"
-- ----------------------------
ALTER TABLE "RUICAI"."SYSTEM_DICTIONARY_TYPE" ADD FOREIGN KEY ("PARENT_ID") REFERENCES "RUICAI"."SYSTEM_DICTIONARY_TYPE" ("ID") ON DELETE CASCADE;

-- ----------------------------
-- Foreign Key structure for table "RUICAI"."SYSTEM_RESOURCE"
-- ----------------------------
ALTER TABLE "RUICAI"."SYSTEM_RESOURCE" ADD FOREIGN KEY ("RESOURCE_TYPE") REFERENCES "RUICAI"."SYSTEM_DICTIONARY" ("ID") ON DELETE CASCADE;

-- ----------------------------
-- Foreign Key structure for table "RUICAI"."SYSTEM_USER"
-- ----------------------------
ALTER TABLE "RUICAI"."SYSTEM_USER" ADD FOREIGN KEY ("USER_STATUS") REFERENCES "RUICAI"."SYSTEM_DICTIONARY" ("ID") ON DELETE CASCADE DISABLE;
ALTER TABLE "RUICAI"."SYSTEM_USER" ADD FOREIGN KEY ("USER_TYPE") REFERENCES "RUICAI"."SYSTEM_DICTIONARY" ("ID") ON DELETE CASCADE DISABLE;

-- ----------------------------
-- Foreign Key structure for table "RUICAI"."USER_TO_ROLE"
-- ----------------------------
ALTER TABLE "RUICAI"."USER_TO_ROLE" ADD FOREIGN KEY ("ROLE_ID") REFERENCES "RUICAI"."SYSTEM_ROLE" ("ID") ON DELETE CASCADE;
ALTER TABLE "RUICAI"."USER_TO_ROLE" ADD FOREIGN KEY ("USER_ID") REFERENCES "RUICAI"."SYSTEM_USER" ("ID") ON DELETE CASCADE;
